ticket_id,user_id,region,issue_category,priority,description,created_at,resolved_in_hours
TCKT00000,U4174,EU,General,High,Son too clear lose.,2024-01-01 00:00:00,30.9
TCKT00001,U4507,US-East,Technical,Medium,Skill peace new sing body become world really.,2024-01-01 01:00:00,29.1
TCKT00002,U1860,US-East,General,High,Bill become art beyond.,2024-01-01 02:00:00,17.7
TCKT00003,U2294,EU,Account,Low,Small tell unit look if serious.,2024-01-01 03:00:00,34.8
TCKT00004,U2130,Asia,Billing,High,West specific baby open personal.,2024-01-01 04:00:00,10.7
TCKT00005,U2095,US-East,Account,Medium,Pretty bad official behavior near big truth.,2024-01-01 05:00:00,33.5
TCKT00006,U4772,US-West,Technical,Low,Amount scientist language toward much free local herself.,2024-01-01 06:00:00,15.1
TCKT00007,U4092,US-East,Billing,Low,Right wait beautiful already picture information.,2024-01-01 07:00:00,12.5
TCKT00008,U2638,US-West,Technical,Medium,Bank song wear evidence rule democratic us family.,2024-01-01 08:00:00,23.4
TCKT00009,U3169,Asia,Technical,Low,Our cover information pass sell.,2024-01-01 09:00:00,23.8
TCKT00010,U1466,EU,Account,Low,Series general girl sport.,2024-01-01 10:00:00,14.0
TCKT00011,U2238,US-East,Technical,Medium,Those weight none wide but break.,2024-01-01 11:00:00,7.7
TCKT00012,U1330,EU,Account,Medium,Space rather pressure believe the five figure reach.,2024-01-01 12:00:00,23.5
TCKT00013,U2482,US-East,Billing,Medium,Pay believe place all risk increase.,2024-01-01 13:00:00,2.4
TCKT00014,U3135,US-West,Account,High,Peace child attack.,2024-01-01 14:00:00,9.0
TCKT00015,U4444,EU,Billing,Medium,Surface process authority doctor may.,2024-01-01 15:00:00,21.4
TCKT00016,U4171,US-East,Account,Medium,Leader college increase already.,2024-01-01 16:00:00,5.7
TCKT00017,U3919,US-West,General,Low,Able possible measure several.,2024-01-01 17:00:00,15.8
TCKT00018,U4735,EU,General,Medium,We policy to onto although officer arm teacher.,2024-01-01 18:00:00,22.8
TCKT00019,U1130,EU,Technical,Low,Matter enjoy smile all daughter scientist poor suffer.,2024-01-01 19:00:00,12.7
TCKT00020,U2685,US-East,Account,High,Truth I fund still sign.,2024-01-01 20:00:00,11.3
TCKT00021,U4380,US-East,Account,High,Child serious according have.,2024-01-01 21:00:00,9.2
TCKT00022,U1769,US-East,Billing,Medium,Military continue capital black camera item western ability.,2024-01-01 22:00:00,19.0
TCKT00023,U3391,US-West,Technical,Low,Picture enough another responsibility their onto natural.,2024-01-01 23:00:00,37.5
TCKT00024,U2515,US-East,Account,High,Might garden area act little.,2024-01-02 00:00:00,12.0
TCKT00025,U4485,EU,Technical,Medium,Market camera decision join view development wind.,2024-01-02 01:00:00,4.4
TCKT00026,U3853,EU,General,Low,Loss generation task top science open.,2024-01-02 02:00:00,27.0
TCKT00027,U3433,US-East,Account,Low,Political we doctor discover.,2024-01-02 03:00:00,22.5
TCKT00028,U2215,US-East,Account,Medium,Time wrong middle risk nice.,2024-01-02 04:00:00,59.7
TCKT00029,U1955,Asia,Technical,Low,Husband wide candidate pass herself.,2024-01-02 05:00:00,29.6
TCKT00030,U3324,EU,Account,High,Skin today theory yeah mission red.,2024-01-02 06:00:00,8.6
TCKT00031,U2184,US-West,Technical,Medium,Usually public account tonight break charge.,2024-01-02 07:00:00,6.6
TCKT00032,U1459,Asia,Account,Low,Believe sometimes six appear every.,2024-01-02 08:00:00,9.2
TCKT00033,U4385,US-East,Billing,High,Language result bring.,2024-01-02 09:00:00,45.9
TCKT00034,U1021,US-East,Technical,Low,Mean international movement visit.,2024-01-02 10:00:00,24.9
TCKT00035,U3300,EU,Account,Medium,Fill from commercial military mention marriage.,2024-01-02 11:00:00,29.5
TCKT00036,U1747,US-East,General,Low,Once compare real effect.,2024-01-02 12:00:00,27.6
TCKT00037,U3904,US-West,Account,Low,Stop American perhaps.,2024-01-02 13:00:00,31.8
TCKT00038,U4632,EU,General,Medium,Religious near development return why house.,2024-01-02 14:00:00,7.0
TCKT00039,U1474,US-East,General,Medium,Front financial commercial impact about.,2024-01-02 15:00:00,14.6
TCKT00040,U2082,EU,Billing,Medium,Whom the lay never find piece.,2024-01-02 16:00:00,18.7
TCKT00041,U3558,US-East,Technical,Medium,Wide nice it lead.,2024-01-02 17:00:00,30.4
TCKT00042,U4753,US-East,Account,Medium,Growth next situation together grow remain follow.,2024-01-02 18:00:00,18.7
TCKT00043,U3047,US-East,Billing,Low,Great raise either fact black project.,2024-01-02 19:00:00,25.7
TCKT00044,U4547,US-West,Account,Low,Letter how financial few fish network dark.,2024-01-02 20:00:00,14.6
TCKT00045,U3747,US-West,General,High,Top action college this station else billion defense.,2024-01-02 21:00:00,17.7
TCKT00046,U1975,EU,Technical,Medium,Benefit truth second.,2024-01-02 22:00:00,10.5
TCKT00047,U2806,US-East,Account,Medium,Reason mother world example least whom.,2024-01-02 23:00:00,8.0
TCKT00048,U1189,US-East,Account,Low,Late all country per though future clear interest.,2024-01-03 00:00:00,22.5
TCKT00049,U4005,US-West,General,Low,System former trade green point computer.,2024-01-03 01:00:00,10.2
TCKT00050,U3734,US-East,Account,Medium,Because professional station health forward.,2024-01-03 02:00:00,8.1
TCKT00051,U4005,US-West,Account,High,Face particularly difference inside minute plan happen.,2024-01-03 03:00:00,11.9
TCKT00052,U1562,US-East,General,Medium,Away information senior build.,2024-01-03 04:00:00,16.3
TCKT00053,U2899,EU,Billing,High,Democratic public address side no often.,2024-01-03 05:00:00,20.7
TCKT00054,U4638,US-East,General,Medium,Newspaper avoid explain role recently.,2024-01-03 06:00:00,8.1
TCKT00055,U2267,US-East,Billing,Low,Collection American voice somebody cover himself result cold.,2024-01-03 07:00:00,13.2
TCKT00056,U3879,Asia,Technical,Medium,Present western imagine space leader own.,2024-01-03 08:00:00,21.3
TCKT00057,U2528,US-West,Billing,Low,Professor friend soon others believe oil painting.,2024-01-03 09:00:00,8.1
TCKT00058,U4202,US-East,Billing,Low,Firm should station.,2024-01-03 10:00:00,42.5
TCKT00059,U4556,US-East,Technical,High,To view apply cut open cup hospital impact.,2024-01-03 11:00:00,36.3
TCKT00060,U4890,Asia,Billing,Medium,Production skin eye space probably station.,2024-01-03 12:00:00,25.2
TCKT00061,U1646,Asia,General,Medium,Herself exactly war main natural pay travel.,2024-01-03 13:00:00,27.0
TCKT00062,U3068,US-West,Billing,Low,Action tonight over artist occur television share.,2024-01-03 14:00:00,14.6
TCKT00063,U3888,Asia,Technical,Low,Site which place safe sound attack.,2024-01-03 15:00:00,12.6
TCKT00064,U3214,EU,General,Low,Short win could agreement popular so.,2024-01-03 16:00:00,57.1
TCKT00065,U2297,Asia,Technical,Low,Growth share population hard instead.,2024-01-03 17:00:00,18.2
TCKT00066,U3435,EU,Technical,Medium,Character property east true support white full trial.,2024-01-03 18:00:00,13.0
TCKT00067,U1600,US-West,Account,Low,Leave industry these page myself go together.,2024-01-03 19:00:00,7.3
TCKT00068,U3363,US-West,Account,Medium,Know none agency watch avoid really.,2024-01-03 20:00:00,18.0
TCKT00069,U3061,US-West,Technical,Low,Owner site performance nation away.,2024-01-03 21:00:00,19.1
TCKT00070,U1241,US-West,Technical,Low,Structure for property quickly could him think fund.,2024-01-03 22:00:00,17.8
TCKT00071,U3041,US-West,Technical,Low,Teacher meeting kid final impact thing.,2024-01-03 23:00:00,26.7
TCKT00072,U3824,EU,Account,Medium,His image rather fish he.,2024-01-04 00:00:00,13.4
TCKT00073,U4417,EU,Account,Medium,Yourself oil method view.,2024-01-04 01:00:00,42.3
TCKT00074,U3612,US-West,Billing,Medium,Also hit trial trade phone executive traditional.,2024-01-04 02:00:00,10.5
TCKT00075,U3945,Asia,Billing,Medium,Girl step hard stop third around.,2024-01-04 03:00:00,11.6
TCKT00076,U2363,US-East,Technical,Medium,Growth far dark eye help job.,2024-01-04 04:00:00,12.7
TCKT00077,U3139,US-West,General,Low,Only arm next half place.,2024-01-04 05:00:00,14.3
TCKT00078,U2390,Asia,General,Low,Hope quality use our most charge mind.,2024-01-04 06:00:00,9.2
TCKT00079,U4003,US-East,Account,High,Spring sure floor common war wind.,2024-01-04 07:00:00,2.2
TCKT00080,U2478,US-West,Account,Medium,Pressure three study maintain indicate director.,2024-01-04 08:00:00,8.9
TCKT00081,U4499,US-West,Account,Low,Response recently thus difficult sure per street.,2024-01-04 09:00:00,26.2
TCKT00082,U3556,EU,Technical,High,None series mission environmental act color party special.,2024-01-04 10:00:00,5.3
TCKT00083,U1775,US-East,General,Medium,Member body player concern dinner.,2024-01-04 11:00:00,25.5
TCKT00084,U1034,US-East,Billing,Low,Pass surface provide simple radio door become.,2024-01-04 12:00:00,57.9
TCKT00085,U3253,Asia,Technical,Medium,Support tell radio someone while state.,2024-01-04 13:00:00,38.8
TCKT00086,U4152,EU,Billing,Medium,Practice exactly office still.,2024-01-04 14:00:00,19.1
TCKT00087,U2955,EU,Billing,Medium,Trial yeah others part start tough meeting eat.,2024-01-04 15:00:00,11.3
TCKT00088,U2585,EU,Technical,Low,Several more age including charge well fish.,2024-01-04 16:00:00,12.0
TCKT00089,U4943,EU,Billing,Low,Laugh feel fly weight answer international.,2024-01-04 17:00:00,18.7
TCKT00090,U4459,US-East,General,Medium,Political quality tree thousand foot out realize.,2024-01-04 18:00:00,26.3
TCKT00091,U4073,US-East,Billing,Medium,Quickly three force cultural world blue simple feel.,2024-01-04 19:00:00,30.2
TCKT00092,U2021,US-West,General,High,Hotel great president political guy knowledge son.,2024-01-04 20:00:00,51.6
TCKT00093,U4461,US-West,General,Medium,Be very third thus themselves political price.,2024-01-04 21:00:00,61.9
TCKT00094,U3613,EU,General,Low,Teacher rule as letter nation too represent.,2024-01-04 22:00:00,22.9
TCKT00095,U2129,EU,Account,Medium,That picture traditional line see resource president.,2024-01-04 23:00:00,9.4
TCKT00096,U4843,EU,Billing,Low,Note everybody size imagine evening hair simple.,2024-01-05 00:00:00,26.2
TCKT00097,U4893,US-West,Technical,Medium,Less rich myself likely.,2024-01-05 01:00:00,5.9
TCKT00098,U2500,Asia,Technical,Medium,Should interesting peace can.,2024-01-05 02:00:00,7.2
TCKT00099,U1702,Asia,Billing,Low,Baby small stock girl a anything which.,2024-01-05 03:00:00,35.8
TCKT00100,U3449,US-West,Account,Medium,Feel pull phone box receive system whatever.,2024-01-05 04:00:00,24.3
TCKT00101,U3777,US-West,Account,Low,Marriage free role character.,2024-01-05 05:00:00,20.9
TCKT00102,U2579,US-West,General,Low,Team draw third mention should.,2024-01-05 06:00:00,50.9
TCKT00103,U1161,US-West,Billing,Low,Happen toward chair suffer.,2024-01-05 07:00:00,23.2
TCKT00104,U1201,US-West,Billing,Low,Charge main include Democrat.,2024-01-05 08:00:00,19.4
TCKT00105,U2981,US-West,Technical,High,Defense receive south meeting.,2024-01-05 09:00:00,15.4
TCKT00106,U1995,EU,Billing,Medium,Force onto dinner.,2024-01-05 10:00:00,10.6
TCKT00107,U3317,EU,Account,Low,Finally feel gun fill woman gun author card.,2024-01-05 11:00:00,23.3
TCKT00108,U4934,EU,Billing,Medium,Television manage husband material rule my couple all.,2024-01-05 12:00:00,14.8
TCKT00109,U1815,EU,Technical,Low,Study product live right win.,2024-01-05 13:00:00,4.8
TCKT00110,U4342,US-West,General,High,Sister focus order story indeed radio reflect.,2024-01-05 14:00:00,19.3
TCKT00111,U1455,Asia,Technical,Medium,Floor bag example inside sister market.,2024-01-05 15:00:00,15.9
TCKT00112,U4533,US-East,Technical,Medium,Way perform media hospital him dinner.,2024-01-05 16:00:00,35.8
TCKT00113,U4798,US-West,General,Low,Possible environment need newspaper upon clear cost.,2024-01-05 17:00:00,1.0
TCKT00114,U2275,US-East,Technical,Medium,Same have key anything.,2024-01-05 18:00:00,25.6
TCKT00115,U2016,Asia,Technical,Medium,Range Mr compare drive water.,2024-01-05 19:00:00,16.3
TCKT00116,U4773,EU,Billing,High,Next nation argue.,2024-01-05 20:00:00,3.8
TCKT00117,U3343,Asia,Billing,Low,Organization eye then final build.,2024-01-05 21:00:00,18.3
TCKT00118,U4796,US-West,General,Low,Speak college name left figure land president.,2024-01-05 22:00:00,11.0
TCKT00119,U3767,EU,Billing,High,As individual system my.,2024-01-05 23:00:00,10.3
TCKT00120,U4820,US-West,Billing,Medium,Remember pass senior movie whole.,2024-01-06 00:00:00,24.6
TCKT00121,U1337,EU,Technical,Low,Concern PM avoid around give move interesting join.,2024-01-06 01:00:00,28.5
TCKT00122,U1878,US-East,Account,Low,Do build her note available late many.,2024-01-06 02:00:00,24.4
TCKT00123,U2076,US-East,Billing,High,Drive man half argue.,2024-01-06 03:00:00,15.1
TCKT00124,U1791,US-East,Account,Low,Activity staff whether culture.,2024-01-06 04:00:00,22.5
TCKT00125,U4993,Asia,Billing,Medium,Fine arm certainly work.,2024-01-06 05:00:00,24.5
TCKT00126,U3264,US-West,Billing,Medium,Mission phone play health name.,2024-01-06 06:00:00,44.1
TCKT00127,U1763,Asia,General,Low,Deep live develop a letter me.,2024-01-06 07:00:00,14.0
TCKT00128,U3235,US-East,General,Medium,High including help mind special.,2024-01-06 08:00:00,20.9
TCKT00129,U1379,US-West,General,Low,Human commercial someone.,2024-01-06 09:00:00,34.3
TCKT00130,U1492,US-East,Account,Low,In environment determine behind despite material benefit.,2024-01-06 10:00:00,31.1
TCKT00131,U4112,Asia,Technical,Medium,Mr ever culture determine fire born.,2024-01-06 11:00:00,1.6
TCKT00132,U2180,Asia,Billing,High,Rest various exist well situation indicate.,2024-01-06 12:00:00,11.1
TCKT00133,U3062,Asia,Billing,Medium,Also six beat tonight film environment.,2024-01-06 13:00:00,23.5
TCKT00134,U4884,US-East,Billing,Medium,Look management break single teacher.,2024-01-06 14:00:00,8.0
TCKT00135,U1064,US-West,Account,Low,Environment avoid any customer join.,2024-01-06 15:00:00,8.2
TCKT00136,U4928,US-West,General,Low,Newspaper leave story relate fast sound and result.,2024-01-06 16:00:00,16.6
TCKT00137,U4910,US-East,Technical,Low,Blue study page glass glass.,2024-01-06 17:00:00,25.9
TCKT00138,U3568,US-West,Account,Low,Break hair suddenly piece near around organization.,2024-01-06 18:00:00,8.9
TCKT00139,U2367,US-East,General,Low,Easy event edge thought meet.,2024-01-06 19:00:00,20.0
TCKT00140,U2152,US-West,Account,Low,It Mr likely various father send.,2024-01-06 20:00:00,2.9
TCKT00141,U3027,EU,Technical,Low,Fine box since big drug campaign.,2024-01-06 21:00:00,11.8
TCKT00142,U3695,EU,General,Low,Assume plant state chair majority more name.,2024-01-06 22:00:00,38.5
TCKT00143,U2495,Asia,Account,Medium,Thing see speech try evening early.,2024-01-06 23:00:00,2.1
TCKT00144,U4134,EU,Technical,High,State relationship rock mean read say between.,2024-01-07 00:00:00,23.8
TCKT00145,U2162,EU,Billing,Low,Three black she east apply rest.,2024-01-07 01:00:00,26.7
TCKT00146,U2522,EU,Technical,High,My sound plant.,2024-01-07 02:00:00,23.0
TCKT00147,U3640,US-East,Billing,High,Film foreign prevent spring.,2024-01-07 03:00:00,7.8
TCKT00148,U1391,EU,Account,Low,Picture develop billion eight never develop he.,2024-01-07 04:00:00,23.9
TCKT00149,U2698,EU,General,Medium,Certainly case would develop common return.,2024-01-07 05:00:00,49.7
TCKT00150,U1418,Asia,General,Medium,Table simply also.,2024-01-07 06:00:00,14.4
TCKT00151,U3336,EU,Account,Medium,Culture oil lose PM personal.,2024-01-07 07:00:00,19.0
TCKT00152,U1378,EU,General,Low,Authority opportunity least.,2024-01-07 08:00:00,12.9
TCKT00153,U2796,US-West,General,Medium,Center any about must oil return current.,2024-01-07 09:00:00,35.3
TCKT00154,U4561,Asia,Billing,Low,Various check by soldier either spring.,2024-01-07 10:00:00,18.2
TCKT00155,U3278,Asia,Account,Medium,So rule soon source its father fund.,2024-01-07 11:00:00,32.9
TCKT00156,U4065,Asia,Technical,Medium,Program buy beyond by enter.,2024-01-07 12:00:00,28.3
TCKT00157,U3088,Asia,Billing,Medium,Article close type yard key.,2024-01-07 13:00:00,3.3
TCKT00158,U4099,Asia,Account,Medium,Art bit support.,2024-01-07 14:00:00,4.3
TCKT00159,U3182,Asia,Billing,Medium,Discussion true Mrs tell.,2024-01-07 15:00:00,7.3
TCKT00160,U1200,US-East,Technical,Low,Executive discussion season bar individual nor ok.,2024-01-07 16:00:00,9.6
TCKT00161,U2863,EU,Technical,Low,Whole research speech war arrive pattern easy.,2024-01-07 17:00:00,37.8
TCKT00162,U1779,Asia,Account,High,Than happen away maintain mother within keep money.,2024-01-07 18:00:00,10.0
TCKT00163,U3977,EU,Technical,Low,Some democratic free culture radio beyond.,2024-01-07 19:00:00,16.0
TCKT00164,U4104,EU,Billing,Low,Dog collection college down quite suddenly.,2024-01-07 20:00:00,32.2
TCKT00165,U4119,US-East,Technical,Low,Area radio minute join policy tree and apply.,2024-01-07 21:00:00,1.3
TCKT00166,U1502,Asia,Billing,Low,Paper hope age home.,2024-01-07 22:00:00,14.5
TCKT00167,U3454,US-West,Billing,High,May discover impact eye different.,2024-01-07 23:00:00,10.5
TCKT00168,U4645,US-East,Technical,Medium,Final hope note exactly these whole subject.,2024-01-08 00:00:00,33.1
TCKT00169,U2751,US-West,Account,High,Including dinner show treat.,2024-01-08 01:00:00,14.7
TCKT00170,U1804,EU,General,Medium,Current smile also choose blood but.,2024-01-08 02:00:00,35.4
TCKT00171,U3146,EU,Technical,Medium,Than it wind note.,2024-01-08 03:00:00,7.5
TCKT00172,U3731,US-East,Billing,Low,Performance thousand picture a that policy.,2024-01-08 04:00:00,25.5
TCKT00173,U2895,US-East,Billing,Medium,Country money close.,2024-01-08 05:00:00,42.0
TCKT00174,U3773,US-West,Technical,Low,In year season here.,2024-01-08 06:00:00,7.9
TCKT00175,U2570,Asia,Account,High,Music write nearly top show different not.,2024-01-08 07:00:00,7.4
TCKT00176,U1960,US-West,Account,High,Bag force question health.,2024-01-08 08:00:00,27.5
TCKT00177,U4810,US-East,Billing,Low,Quickly growth they.,2024-01-08 09:00:00,8.7
TCKT00178,U3660,US-West,Billing,High,Decade seem approach station PM.,2024-01-08 10:00:00,4.9
TCKT00179,U2485,US-East,Account,High,Unit almost finally contain back law.,2024-01-08 11:00:00,2.6
TCKT00180,U3690,US-West,General,Medium,Officer remember north into spend.,2024-01-08 12:00:00,18.4
TCKT00181,U4840,US-East,Technical,Low,See time myself feel.,2024-01-08 13:00:00,2.7
TCKT00182,U2028,US-East,Billing,Medium,Week conference with system.,2024-01-08 14:00:00,13.2
TCKT00183,U4289,US-East,Billing,Medium,Score mother area traditional risk.,2024-01-08 15:00:00,19.0
TCKT00184,U1502,Asia,Account,Low,After nearly manage five appear concern.,2024-01-08 16:00:00,6.4
TCKT00185,U3814,US-West,Technical,Low,Law before after get cost.,2024-01-08 17:00:00,5.4
TCKT00186,U1397,US-West,Account,Medium,Some spend husband.,2024-01-08 18:00:00,14.4
TCKT00187,U1870,US-West,Technical,Low,May else history keep bill lawyer.,2024-01-08 19:00:00,13.4
TCKT00188,U3842,US-East,Technical,Medium,Head simply son should.,2024-01-08 20:00:00,19.7
TCKT00189,U1392,US-West,Technical,High,Sea involve money can but.,2024-01-08 21:00:00,14.2
TCKT00190,U1206,US-West,Billing,High,Pick charge understand set age true.,2024-01-08 22:00:00,15.8
TCKT00191,U2038,US-East,General,Low,Modern through five resource the look each school.,2024-01-08 23:00:00,26.4
TCKT00192,U2881,EU,Account,High,Once remember baby kitchen lead.,2024-01-09 00:00:00,6.0
TCKT00193,U4625,US-East,General,Low,Per experience thousand lawyer term under.,2024-01-09 01:00:00,28.1
TCKT00194,U3939,US-West,Account,Low,Situation thought today very.,2024-01-09 02:00:00,36.2
TCKT00195,U2484,US-East,Technical,Medium,Affect training play agent culture.,2024-01-09 03:00:00,14.4
TCKT00196,U4762,EU,Billing,Low,Common should green floor power trouble sea.,2024-01-09 04:00:00,2.0
TCKT00197,U4646,US-East,General,Low,These green cup along story.,2024-01-09 05:00:00,12.0
TCKT00198,U1863,US-West,Billing,Medium,Man institution bad go option force.,2024-01-09 06:00:00,20.8
TCKT00199,U3790,EU,Account,Low,Chair head increase level represent choose recent.,2024-01-09 07:00:00,17.4
TCKT00200,U4312,Asia,Billing,Low,North central listen from doctor to.,2024-01-09 08:00:00,90.1
TCKT00201,U1563,US-West,Billing,Medium,Agree town issue.,2024-01-09 09:00:00,1.0
TCKT00202,U2020,EU,General,Medium,Door vote final on begin.,2024-01-09 10:00:00,40.9
TCKT00203,U1095,EU,Technical,Medium,Music just between air her value.,2024-01-09 11:00:00,22.7
TCKT00204,U2923,Asia,Billing,Low,Financial yeah war suddenly forget.,2024-01-09 12:00:00,13.1
TCKT00205,U2757,US-East,Technical,Medium,Article million person decide write cut.,2024-01-09 13:00:00,3.9
TCKT00206,U3532,US-East,Account,Low,Tell physical news air them these such.,2024-01-09 14:00:00,33.5
TCKT00207,U4478,US-West,Billing,Low,About financial story describe as lawyer since join.,2024-01-09 15:00:00,14.2
TCKT00208,U3278,Asia,General,Medium,Son area but vote road minute air.,2024-01-09 16:00:00,11.3
TCKT00209,U3796,US-East,Account,Low,Series itself maintain.,2024-01-09 17:00:00,17.0
TCKT00210,U2678,Asia,Account,Low,Between perhaps model ever poor do either.,2024-01-09 18:00:00,18.0
TCKT00211,U4242,US-East,General,Medium,Hand official radio side season.,2024-01-09 19:00:00,5.3
TCKT00212,U1540,EU,Billing,Medium,Read education soon practice kind half.,2024-01-09 20:00:00,11.7
TCKT00213,U2059,US-East,Billing,Medium,Space physical become lose minute you.,2024-01-09 21:00:00,33.4
TCKT00214,U3572,Asia,Account,Low,Evening manager number society.,2024-01-09 22:00:00,14.4
TCKT00215,U2183,EU,Billing,Low,Theory tough accept recently story cultural challenge.,2024-01-09 23:00:00,9.4
TCKT00216,U4910,EU,Technical,Low,Chair range democratic magazine other.,2024-01-10 00:00:00,13.8
TCKT00217,U2722,EU,General,Low,Dog paper model about television agency.,2024-01-10 01:00:00,18.9
TCKT00218,U4314,Asia,Technical,Medium,Practice coach sort reason per join.,2024-01-10 02:00:00,16.1
TCKT00219,U4157,US-West,Billing,High,Easy structure central customer.,2024-01-10 03:00:00,20.3
TCKT00220,U2819,US-West,Account,Medium,Arrive drop fast student plant age.,2024-01-10 04:00:00,12.4
TCKT00221,U3625,US-West,General,Medium,Every be purpose end make.,2024-01-10 05:00:00,16.3
TCKT00222,U3729,Asia,Billing,Medium,Myself but still wish believe.,2024-01-10 06:00:00,13.4
TCKT00223,U3604,EU,Billing,Medium,Share return present join four.,2024-01-10 07:00:00,22.2
TCKT00224,U2597,US-West,Account,Low,Talk lose century within there fight edge.,2024-01-10 08:00:00,17.2
TCKT00225,U4060,Asia,Account,Medium,Material source get successful land although report above.,2024-01-10 09:00:00,4.6
TCKT00226,U3693,US-West,Technical,Medium,Great Democrat place bag or pressure want.,2024-01-10 10:00:00,22.0
TCKT00227,U1795,US-East,General,Low,Happy center partner purpose pay build.,2024-01-10 11:00:00,22.2
TCKT00228,U2051,US-West,General,Low,Term this worry everything all any.,2024-01-10 12:00:00,72.7
TCKT00229,U2643,US-West,Account,High,Whole concern surface.,2024-01-10 13:00:00,54.4
TCKT00230,U4627,EU,Technical,Low,Peace serious television ask follow series.,2024-01-10 14:00:00,23.8
TCKT00231,U2363,Asia,General,Low,Follow military great choose.,2024-01-10 15:00:00,15.2
TCKT00232,U4869,EU,Account,Medium,Decide detail source usually.,2024-01-10 16:00:00,9.0
TCKT00233,U2981,EU,Billing,Medium,Assume main simple however word meeting.,2024-01-10 17:00:00,18.2
TCKT00234,U2354,EU,General,Medium,Discover simple wife only.,2024-01-10 18:00:00,7.7
TCKT00235,U2663,EU,Technical,Medium,Similar the their article teach.,2024-01-10 19:00:00,33.4
TCKT00236,U2529,EU,Technical,Low,Agent work our necessary determine reality main.,2024-01-10 20:00:00,1.9
TCKT00237,U3038,US-West,Technical,Medium,A learn toward daughter such I week compare.,2024-01-10 21:00:00,28.9
TCKT00238,U4419,EU,Billing,Low,Hold respond action sure recent option.,2024-01-10 22:00:00,75.1
TCKT00239,U2496,EU,General,High,Charge scientist plan service support report.,2024-01-10 23:00:00,62.8
TCKT00240,U4302,Asia,General,Medium,Local feel right wall down head kitchen.,2024-01-11 00:00:00,7.0
TCKT00241,U3237,US-East,Billing,Low,Bit compare put human college.,2024-01-11 01:00:00,4.1
TCKT00242,U4296,US-West,General,Low,Talk science about decide.,2024-01-11 02:00:00,42.8
TCKT00243,U2408,US-West,Billing,Low,Alone while film her level.,2024-01-11 03:00:00,26.0
TCKT00244,U2400,US-West,Billing,Low,Stand factor degree rest writer.,2024-01-11 04:00:00,14.7
TCKT00245,U2306,EU,Billing,Low,Animal drive campaign.,2024-01-11 05:00:00,27.8
TCKT00246,U3680,EU,Technical,Medium,Space certain never.,2024-01-11 06:00:00,7.6
TCKT00247,U3675,EU,General,Medium,Them court someone charge represent sound money.,2024-01-11 07:00:00,26.5
TCKT00248,U1972,Asia,Billing,Low,Look on free possible base benefit.,2024-01-11 08:00:00,6.0
TCKT00249,U2768,US-East,General,Low,Analysis tonight moment.,2024-01-11 09:00:00,27.9
TCKT00250,U2282,EU,Technical,Low,Require treat face personal college history social.,2024-01-11 10:00:00,12.8
TCKT00251,U4430,US-East,Billing,High,Most describe course in investment piece.,2024-01-11 11:00:00,20.3
TCKT00252,U1709,Asia,Account,Low,Kitchen western many.,2024-01-11 12:00:00,20.8
TCKT00253,U2479,US-West,Technical,Medium,Question nature safe you interview human.,2024-01-11 13:00:00,57.1
TCKT00254,U2434,EU,Account,High,Difference pull area year again.,2024-01-11 14:00:00,24.7
TCKT00255,U1648,US-East,General,Medium,Spend free story door.,2024-01-11 15:00:00,34.4
TCKT00256,U1317,US-East,General,High,Your from concern community behind treat people.,2024-01-11 16:00:00,24.2
TCKT00257,U4748,EU,Technical,Low,Close middle around.,2024-01-11 17:00:00,15.7
TCKT00258,U4296,US-West,General,High,Short expert us million teacher.,2024-01-11 18:00:00,13.7
TCKT00259,U4890,US-West,Account,Low,Computer strong small accept blood what.,2024-01-11 19:00:00,13.7
TCKT00260,U2257,US-West,Billing,Low,South provide husband activity author town name.,2024-01-11 20:00:00,27.4
TCKT00261,U1683,Asia,Billing,Medium,Mouth night throughout.,2024-01-11 21:00:00,46.9
TCKT00262,U1663,US-East,Billing,High,Fine consider clearly create perform star us just.,2024-01-11 22:00:00,47.9
TCKT00263,U2998,US-East,Technical,High,Successful TV attention trouble.,2024-01-11 23:00:00,13.4
TCKT00264,U4898,US-East,General,Low,Also big response candidate relate.,2024-01-12 00:00:00,31.0
TCKT00265,U4445,Asia,Account,Low,Task anything TV Congress give poor receive.,2024-01-12 01:00:00,11.3
TCKT00266,U4743,US-East,General,High,Compare reflect culture.,2024-01-12 02:00:00,40.3
TCKT00267,U2631,Asia,General,Low,Direction attack customer arm exactly purpose.,2024-01-12 03:00:00,12.1
TCKT00268,U2495,US-West,General,Medium,Whom candidate well list.,2024-01-12 04:00:00,43.8
TCKT00269,U4304,EU,Billing,High,His sit computer set act wear nation result.,2024-01-12 05:00:00,30.3
TCKT00270,U4763,US-East,Account,Medium,Deep defense spring military maintain require fact listen.,2024-01-12 06:00:00,12.1
TCKT00271,U2136,US-East,Account,Low,May least several difference after manager.,2024-01-12 07:00:00,33.2
TCKT00272,U2853,US-West,General,Medium,Management strategy whole pressure child form raise.,2024-01-12 08:00:00,13.8
TCKT00273,U2520,EU,Billing,Low,Dog property rate ever occur near.,2024-01-12 09:00:00,104.1
TCKT00274,U3489,Asia,Billing,High,Maintain skill future value ten.,2024-01-12 10:00:00,16.0
TCKT00275,U1563,EU,Account,Medium,Save process course manage air professor.,2024-01-12 11:00:00,16.7
TCKT00276,U2291,US-West,Billing,High,Agree throughout concern debate should world.,2024-01-12 12:00:00,22.3
TCKT00277,U4581,US-West,Billing,Low,International shake speech argue though information.,2024-01-12 13:00:00,4.8
TCKT00278,U4878,EU,Billing,High,Best Democrat upon gun between ground hear.,2024-01-12 14:00:00,32.8
TCKT00279,U4457,Asia,Technical,Medium,Hair level consumer under serve security.,2024-01-12 15:00:00,6.8
TCKT00280,U4458,Asia,General,Low,Hold public build raise way.,2024-01-12 16:00:00,44.2
TCKT00281,U4184,US-East,Account,Low,Board point month direction sister.,2024-01-12 17:00:00,17.8
TCKT00282,U2636,Asia,Account,Medium,Return plan figure evidence.,2024-01-12 18:00:00,29.4
TCKT00283,U4696,EU,Technical,Medium,Two feeling mind every himself talk.,2024-01-12 19:00:00,24.8
TCKT00284,U3999,US-West,General,High,Act real back city somebody big.,2024-01-12 20:00:00,54.3
TCKT00285,U4152,US-East,Account,Low,Also great true standard site.,2024-01-12 21:00:00,1.9
TCKT00286,U1698,US-East,Billing,Low,Buy whom same job food short.,2024-01-12 22:00:00,11.1
TCKT00287,U3160,US-West,Account,Medium,Sort century reduce although.,2024-01-12 23:00:00,25.2
TCKT00288,U1001,Asia,Billing,Low,Politics alone community into far.,2024-01-13 00:00:00,4.4
TCKT00289,U1641,US-West,Technical,Medium,Bill government executive present.,2024-01-13 01:00:00,43.2
TCKT00290,U3267,Asia,Billing,High,Key possible fill hope understand but offer.,2024-01-13 02:00:00,26.3
TCKT00291,U2589,US-West,Account,High,Laugh push when because trial.,2024-01-13 03:00:00,13.2
TCKT00292,U1854,EU,Account,High,Consumer focus film five whatever identify.,2024-01-13 04:00:00,21.0
TCKT00293,U2759,Asia,Account,Medium,Issue tough race north study until.,2024-01-13 05:00:00,10.9
TCKT00294,U4296,EU,Technical,Low,Option reach physical wait record.,2024-01-13 06:00:00,1.7
TCKT00295,U3432,US-East,Technical,Medium,Eye identify young listen.,2024-01-13 07:00:00,12.4
TCKT00296,U4474,US-West,General,Medium,Fish energy recognize position.,2024-01-13 08:00:00,2.4
TCKT00297,U2661,US-East,Account,High,Action dog compare whose none.,2024-01-13 09:00:00,14.0
TCKT00298,U2153,US-East,Billing,Low,Believe size account example alone safe know.,2024-01-13 10:00:00,18.0
TCKT00299,U2076,US-East,Technical,Medium,Clear animal little stuff.,2024-01-13 11:00:00,35.7
TCKT00300,U2707,US-East,Account,Low,Light impact page interest.,2024-01-13 12:00:00,1.7
TCKT00301,U3777,US-West,Account,Medium,Like later baby security.,2024-01-13 13:00:00,24.8
TCKT00302,U2695,US-East,Technical,High,Magazine factor popular machine force camera skin.,2024-01-13 14:00:00,35.7
TCKT00303,U2733,US-West,General,Medium,Play traditional area mind remain.,2024-01-13 15:00:00,53.3
TCKT00304,U2439,US-West,Technical,Low,Single film let ask.,2024-01-13 16:00:00,7.6
TCKT00305,U3294,EU,Technical,High,Summer energy decide.,2024-01-13 17:00:00,10.9
TCKT00306,U1835,Asia,Billing,Medium,Cover with financial executive finish him.,2024-01-13 18:00:00,37.4
TCKT00307,U4510,Asia,Billing,Low,Rock scene meeting.,2024-01-13 19:00:00,8.4
TCKT00308,U1202,US-West,General,Low,Human yes brother.,2024-01-13 20:00:00,44.5
TCKT00309,U4255,EU,Account,Low,Concern team become character each customer least.,2024-01-13 21:00:00,11.0
TCKT00310,U1122,US-West,Technical,Low,Audience offer Congress prove when on past.,2024-01-13 22:00:00,44.2
TCKT00311,U1400,US-West,General,High,Animal these market mind deal these own.,2024-01-13 23:00:00,10.8
TCKT00312,U1766,US-West,Billing,Medium,Radio forward fly despite.,2024-01-14 00:00:00,65.4
TCKT00313,U1293,EU,Technical,High,She medical possible ok fly think.,2024-01-14 01:00:00,41.7
TCKT00314,U3327,Asia,Account,Low,Tough professor more rather model.,2024-01-14 02:00:00,16.1
TCKT00315,U4908,EU,Billing,Low,Leader price thing knowledge attorney still.,2024-01-14 03:00:00,56.1
TCKT00316,U3931,US-East,Billing,Medium,Eye opportunity kind reduce section card store.,2024-01-14 04:00:00,16.8
TCKT00317,U4681,EU,Billing,Low,Room image already coach speak member former.,2024-01-14 05:00:00,22.3
TCKT00318,U1197,EU,General,Medium,Very town maybe same cost.,2024-01-14 06:00:00,35.1
TCKT00319,U4029,EU,Account,High,Fast the data throw.,2024-01-14 07:00:00,27.7
TCKT00320,U2930,EU,Technical,Medium,Experience establish cost language third eye of pull.,2024-01-14 08:00:00,33.8
TCKT00321,U4582,Asia,General,Medium,Buy check him response wrong common same international.,2024-01-14 09:00:00,21.2
TCKT00322,U3799,US-East,General,Low,Military about idea image would with market tough.,2024-01-14 10:00:00,13.5
TCKT00323,U3191,Asia,General,Low,Already all off our public teach news.,2024-01-14 11:00:00,21.8
TCKT00324,U1608,Asia,Billing,Low,Page everyone try dog it else.,2024-01-14 12:00:00,31.5
TCKT00325,U4272,EU,Account,Medium,Conference dinner debate describe charge process.,2024-01-14 13:00:00,34.7
TCKT00326,U2147,US-West,General,Low,Move since fine staff notice.,2024-01-14 14:00:00,13.5
TCKT00327,U1186,US-West,Technical,Low,Consumer full have me.,2024-01-14 15:00:00,21.4
TCKT00328,U4397,Asia,Account,Medium,Study soon quickly special find speak.,2024-01-14 16:00:00,34.1
TCKT00329,U3511,Asia,Technical,Low,Explain crime suddenly travel.,2024-01-14 17:00:00,98.2
TCKT00330,U4420,EU,Account,Low,Break bit attorney stuff.,2024-01-14 18:00:00,12.8
TCKT00331,U2794,Asia,Technical,Low,Never whole plan away last road well.,2024-01-14 19:00:00,16.5
TCKT00332,U1659,EU,Billing,High,Ahead field only bad.,2024-01-14 20:00:00,4.7
TCKT00333,U3811,US-West,General,Medium,Do much ever than help.,2024-01-14 21:00:00,15.6
TCKT00334,U4002,US-West,Technical,Medium,Yes general list.,2024-01-14 22:00:00,21.8
TCKT00335,U2955,US-East,Account,Low,Head phone lead impact.,2024-01-14 23:00:00,17.1
TCKT00336,U3450,US-West,General,High,Head bit car save require form.,2024-01-15 00:00:00,8.7
TCKT00337,U2369,Asia,General,Medium,Technology prevent administration who apply.,2024-01-15 01:00:00,15.5
TCKT00338,U2986,US-West,Account,Low,Brother gun direction court national career president.,2024-01-15 02:00:00,7.7
TCKT00339,U2534,EU,Technical,High,Class majority much perform increase education tough.,2024-01-15 03:00:00,43.4
TCKT00340,U1146,US-West,Billing,Low,Month low north perform mother subject.,2024-01-15 04:00:00,25.4
TCKT00341,U4219,US-East,Billing,Medium,Even course medical food dinner treat follow.,2024-01-15 05:00:00,14.2
TCKT00342,U3911,US-West,Technical,Medium,Many drug as avoid.,2024-01-15 06:00:00,12.1
TCKT00343,U2734,EU,General,Low,Billion area cup wind vote begin.,2024-01-15 07:00:00,34.3
TCKT00344,U2843,EU,General,High,How time sound film family.,2024-01-15 08:00:00,3.1
TCKT00345,U1488,Asia,General,Medium,Game anything spring single one decision house happy.,2024-01-15 09:00:00,52.9
TCKT00346,U3976,US-West,General,Medium,Anyone whose none.,2024-01-15 10:00:00,40.6
TCKT00347,U2959,EU,Technical,Low,Drop decade sure.,2024-01-15 11:00:00,5.9
TCKT00348,U2663,US-East,General,Low,Wife shoulder democratic while buy must.,2024-01-15 12:00:00,26.9
TCKT00349,U3598,Asia,Account,Low,Party democratic heart.,2024-01-15 13:00:00,7.4
TCKT00350,U3385,US-East,General,Medium,Approach television head question worker.,2024-01-15 14:00:00,5.8
TCKT00351,U3919,US-West,Billing,Low,Decade Republican inside time two feel west.,2024-01-15 15:00:00,3.3
TCKT00352,U1640,US-West,General,Medium,Room compare such offer particularly do catch.,2024-01-15 16:00:00,5.1
TCKT00353,U2802,US-West,Technical,Medium,Break large through develop ago.,2024-01-15 17:00:00,57.8
TCKT00354,U3520,Asia,Billing,Low,Television of main investment it.,2024-01-15 18:00:00,46.8
TCKT00355,U2969,EU,Technical,Medium,Price question after become own color kid.,2024-01-15 19:00:00,20.2
TCKT00356,U3198,Asia,Technical,Low,Interview wait while drive little air answer back.,2024-01-15 20:00:00,8.3
TCKT00357,U2438,US-East,Billing,High,Require far arm life.,2024-01-15 21:00:00,44.6
TCKT00358,U4369,Asia,Technical,Medium,Visit your training state call past language.,2024-01-15 22:00:00,33.9
TCKT00359,U2634,US-East,Technical,Low,Walk recognize reason artist couple property out.,2024-01-15 23:00:00,20.6
TCKT00360,U1262,Asia,General,Low,Series final ready seven adult camera central.,2024-01-16 00:00:00,22.1
TCKT00361,U2787,EU,Account,Medium,Significant yeah under both only practice wrong recent.,2024-01-16 01:00:00,47.3
TCKT00362,U3191,US-East,Technical,Medium,Cause trial sister wife religious.,2024-01-16 02:00:00,1.7
TCKT00363,U3393,US-West,Technical,Medium,Black address have character grow.,2024-01-16 03:00:00,47.8
TCKT00364,U1623,US-West,Technical,Medium,Increase another into night adult.,2024-01-16 04:00:00,71.5
TCKT00365,U2016,Asia,General,Low,Military while yourself himself may century.,2024-01-16 05:00:00,18.8
TCKT00366,U4643,US-West,Account,Low,Already get much first Republican.,2024-01-16 06:00:00,3.7
TCKT00367,U1880,US-East,Billing,Low,Foreign minute attorney off.,2024-01-16 07:00:00,31.2
TCKT00368,U3049,US-West,General,Medium,Marriage mention might institution bit simple visit.,2024-01-16 08:00:00,5.0
TCKT00369,U3944,EU,General,High,Interview painting whom music lot.,2024-01-16 09:00:00,25.9
TCKT00370,U2327,EU,Account,Medium,Letter suddenly staff minute discover.,2024-01-16 10:00:00,24.5
TCKT00371,U3301,Asia,Account,Low,Window person stock collection lead visit.,2024-01-16 11:00:00,26.8
TCKT00372,U4723,US-East,General,Medium,Make investment draw according.,2024-01-16 12:00:00,27.4
TCKT00373,U1452,EU,Billing,High,Interest begin whose address professional car rate.,2024-01-16 13:00:00,14.3
TCKT00374,U4108,EU,General,Medium,Garden data leg.,2024-01-16 14:00:00,3.9
TCKT00375,U2183,US-East,Account,High,Radio beautiful general blue theory final college entire.,2024-01-16 15:00:00,32.8
TCKT00376,U4062,US-West,Billing,Low,Billion whether condition.,2024-01-16 16:00:00,21.7
TCKT00377,U3056,US-West,Account,Low,Accept visit create else rise financial.,2024-01-16 17:00:00,17.6
TCKT00378,U4304,Asia,Billing,High,Wish his foot where upon away.,2024-01-16 18:00:00,4.2
TCKT00379,U4170,US-West,Technical,Medium,Still contain wife green majority.,2024-01-16 19:00:00,9.4
TCKT00380,U2682,US-East,Account,Low,Only general news benefit memory million.,2024-01-16 20:00:00,20.5
TCKT00381,U3863,EU,Account,Medium,Try game over.,2024-01-16 21:00:00,72.5
TCKT00382,U3255,US-West,General,High,Issue guy bring main audience both.,2024-01-16 22:00:00,5.6
TCKT00383,U2154,Asia,Account,Medium,Magazine speak federal world measure military Mr than.,2024-01-16 23:00:00,13.1
TCKT00384,U1403,US-West,Account,Medium,Event story foot tax.,2024-01-17 00:00:00,35.3
TCKT00385,U3199,US-East,Technical,Low,Challenge detail especially better themselves.,2024-01-17 01:00:00,6.6
TCKT00386,U3101,Asia,Account,Medium,Sure point end discover show.,2024-01-17 02:00:00,35.6
TCKT00387,U4191,US-West,Technical,Medium,Official special continue building rich.,2024-01-17 03:00:00,2.7
TCKT00388,U2696,Asia,Technical,High,Call staff affect school board personal behavior.,2024-01-17 04:00:00,3.7
TCKT00389,U4991,US-East,Technical,High,How sell rule some another sell.,2024-01-17 05:00:00,40.8
TCKT00390,U1627,EU,Technical,High,Capital yard civil successful number grow.,2024-01-17 06:00:00,29.3
TCKT00391,U1586,US-East,Billing,Low,Have explain writer contain provide alone.,2024-01-17 07:00:00,48.4
TCKT00392,U2648,US-East,General,Medium,Cause yeah side.,2024-01-17 08:00:00,54.5
TCKT00393,U2443,US-East,Billing,Medium,Increase of citizen.,2024-01-17 09:00:00,41.8
TCKT00394,U2445,US-East,Account,Medium,Investment trial Mrs may sound against determine.,2024-01-17 10:00:00,3.8
TCKT00395,U1103,EU,Billing,Medium,Shoulder action standard should operation.,2024-01-17 11:00:00,13.1
TCKT00396,U4923,EU,Billing,High,Child little watch ground hour purpose.,2024-01-17 12:00:00,16.8
TCKT00397,U1253,Asia,Account,Medium,Live land pull someone.,2024-01-17 13:00:00,27.7
TCKT00398,U4298,US-West,Account,Medium,Order bag there rest.,2024-01-17 14:00:00,32.0
TCKT00399,U4183,EU,Account,Low,That provide his candidate blood choose certain.,2024-01-17 15:00:00,12.5
TCKT00400,U3557,EU,Billing,Low,Toward crime gas eat talk party.,2024-01-17 16:00:00,10.8
TCKT00401,U2496,US-West,Billing,Medium,Others cost ask almost to image.,2024-01-17 17:00:00,18.7
TCKT00402,U1098,EU,Account,Medium,Water face herself evening leave probably.,2024-01-17 18:00:00,17.9
TCKT00403,U3200,US-East,General,Low,Trip group between visit.,2024-01-17 19:00:00,8.8
TCKT00404,U2884,US-East,General,Low,Often business goal some keep themselves five.,2024-01-17 20:00:00,4.7
TCKT00405,U3961,US-West,Technical,Medium,Member well history small gas.,2024-01-17 21:00:00,12.1
TCKT00406,U2919,Asia,Account,Low,Hit piece store imagine best.,2024-01-17 22:00:00,26.3
TCKT00407,U1877,Asia,Technical,Low,Job fund position concern mouth plant scientist common.,2024-01-17 23:00:00,15.8
TCKT00408,U1337,US-West,General,Low,Nor the writer one tax.,2024-01-18 00:00:00,1.9
TCKT00409,U4777,US-West,Technical,Low,There market character still.,2024-01-18 01:00:00,23.0
TCKT00410,U3869,US-East,Account,Low,Look measure can machine interesting hope beautiful read.,2024-01-18 02:00:00,18.5
TCKT00411,U4234,Asia,Account,Low,Money third force entire kind leader study.,2024-01-18 03:00:00,23.1
TCKT00412,U4791,EU,Account,Medium,Whole force today certain difficult.,2024-01-18 04:00:00,34.0
TCKT00413,U1956,US-East,Billing,High,Century stage everything especially cultural security believe garden.,2024-01-18 05:00:00,19.3
TCKT00414,U2704,US-West,Technical,Medium,Know painting yet health wife.,2024-01-18 06:00:00,8.0
TCKT00415,U1160,Asia,General,Medium,Price born hour social movie.,2024-01-18 07:00:00,18.9
TCKT00416,U2603,EU,General,Low,Even character responsibility number.,2024-01-18 08:00:00,15.3
TCKT00417,U3848,EU,General,Low,Throughout type another team pretty tree.,2024-01-18 09:00:00,29.9
TCKT00418,U1397,US-East,Billing,Medium,Air four by relate.,2024-01-18 10:00:00,6.7
TCKT00419,U2300,Asia,Billing,Low,Add church property use.,2024-01-18 11:00:00,44.3
TCKT00420,U1815,Asia,Account,Medium,Herself both hot Republican white.,2024-01-18 12:00:00,13.6
TCKT00421,U4987,US-West,General,Medium,Eight worker series result bank set.,2024-01-18 13:00:00,12.9
TCKT00422,U2527,Asia,Billing,Medium,Bar rule again especially.,2024-01-18 14:00:00,47.7
TCKT00423,U2919,Asia,Account,Low,Fall capital about stage pattern commercial century.,2024-01-18 15:00:00,42.2
TCKT00424,U2415,US-East,General,Low,Week body billion land but laugh through.,2024-01-18 16:00:00,12.5
TCKT00425,U2158,Asia,Technical,Medium,Approach whom again.,2024-01-18 17:00:00,7.8
TCKT00426,U2218,EU,Account,Low,Statement stuff visit service.,2024-01-18 18:00:00,28.0
TCKT00427,U1400,US-East,Billing,Medium,Foot program food change to middle sort.,2024-01-18 19:00:00,21.1
TCKT00428,U1639,US-East,Billing,Medium,Activity ball let picture.,2024-01-18 20:00:00,12.1
TCKT00429,U4104,US-West,Account,High,Hour read assume forward age party.,2024-01-18 21:00:00,41.3
TCKT00430,U3735,Asia,Account,Low,Realize six gas take.,2024-01-18 22:00:00,15.3
TCKT00431,U1459,US-West,Billing,High,Food sort he off sense.,2024-01-18 23:00:00,8.6
TCKT00432,U1954,EU,Technical,Medium,Establish call including follow detail simply.,2024-01-19 00:00:00,24.7
TCKT00433,U4954,US-East,General,Low,Check should large large better American sing.,2024-01-19 01:00:00,5.4
TCKT00434,U1469,US-East,Technical,Low,Claim bring up eye head out degree.,2024-01-19 02:00:00,11.5
TCKT00435,U4446,US-East,Account,Medium,Property vote indeed.,2024-01-19 03:00:00,35.1
TCKT00436,U2045,EU,Technical,Low,Other TV to time put environment its.,2024-01-19 04:00:00,19.4
TCKT00437,U3797,EU,Billing,Low,Any wonder bank professional officer.,2024-01-19 05:00:00,20.6
TCKT00438,U2693,US-West,Account,Low,Seek hope true expect.,2024-01-19 06:00:00,11.1
TCKT00439,U3085,US-West,General,High,Education thousand clearly control.,2024-01-19 07:00:00,13.3
TCKT00440,U3277,US-West,Billing,Medium,Report these firm month style.,2024-01-19 08:00:00,6.3
TCKT00441,U4436,Asia,Billing,Medium,Name hundred eight candidate card.,2024-01-19 09:00:00,21.8
TCKT00442,U1562,US-East,General,Low,Common discussion almost herself everyone relate.,2024-01-19 10:00:00,6.3
TCKT00443,U3485,US-East,General,Low,Bill many information end short.,2024-01-19 11:00:00,5.9
TCKT00444,U2799,US-West,Technical,Medium,Note large different new power true line.,2024-01-19 12:00:00,14.7
TCKT00445,U4354,US-East,Account,Medium,Other put other often up unit.,2024-01-19 13:00:00,33.9
TCKT00446,U3074,US-West,General,Low,Behind also north.,2024-01-19 14:00:00,6.8
TCKT00447,U1225,Asia,General,Medium,Action about response not them.,2024-01-19 15:00:00,32.9
TCKT00448,U4348,Asia,Account,High,Tell west really meeting goal.,2024-01-19 16:00:00,26.2
TCKT00449,U1797,EU,General,Medium,Necessary all listen maybe service.,2024-01-19 17:00:00,1.8
TCKT00450,U4680,Asia,General,Medium,Voice tax activity record soon lead.,2024-01-19 18:00:00,19.0
TCKT00451,U3331,US-West,Technical,High,You later state day.,2024-01-19 19:00:00,6.5
TCKT00452,U3926,Asia,Billing,Low,Lead movie community size prevent responsibility.,2024-01-19 20:00:00,16.9
TCKT00453,U1959,EU,Billing,Medium,Such exactly national large.,2024-01-19 21:00:00,12.5
TCKT00454,U2504,US-East,Billing,High,Before source shake picture first doctor side both.,2024-01-19 22:00:00,53.6
TCKT00455,U1452,US-West,Billing,Low,Force force city often with buy.,2024-01-19 23:00:00,25.5
TCKT00456,U4067,US-East,General,Medium,Business season life.,2024-01-20 00:00:00,13.0
TCKT00457,U4900,EU,Account,Medium,Including student country.,2024-01-20 01:00:00,20.0
TCKT00458,U1815,EU,Account,Medium,My however thank performance.,2024-01-20 02:00:00,31.7
TCKT00459,U1658,EU,Technical,Medium,Might politics level.,2024-01-20 03:00:00,17.1
TCKT00460,U4587,US-East,Technical,High,War plan bank such.,2024-01-20 04:00:00,50.4
TCKT00461,U1546,US-East,General,Medium,Necessary important police remember commercial thing.,2024-01-20 05:00:00,17.6
TCKT00462,U2215,US-East,Account,Low,If argue have cold sound method.,2024-01-20 06:00:00,22.3
TCKT00463,U4120,US-East,Account,High,Effort itself true join recent design.,2024-01-20 07:00:00,15.6
TCKT00464,U4583,EU,Billing,Low,Project total forget sing.,2024-01-20 08:00:00,9.4
TCKT00465,U1016,EU,General,Low,Eight right Republican coach service visit suggest.,2024-01-20 09:00:00,12.0
TCKT00466,U4243,US-West,General,Medium,Do let make officer activity laugh recognize.,2024-01-20 10:00:00,16.3
TCKT00467,U2243,US-West,Billing,Medium,Woman under policy others spring.,2024-01-20 11:00:00,36.9
TCKT00468,U3205,US-East,General,Medium,School upon part radio add machine.,2024-01-20 12:00:00,41.6
TCKT00469,U3524,Asia,General,High,Place share movie without body.,2024-01-20 13:00:00,54.4
TCKT00470,U2069,Asia,Technical,Medium,Page student be science include great.,2024-01-20 14:00:00,9.2
TCKT00471,U4444,EU,Account,Medium,Congress politics their raise forget cup question yes.,2024-01-20 15:00:00,29.3
TCKT00472,U3565,EU,General,Low,Thousand bring phone next election ever she throw.,2024-01-20 16:00:00,38.3
TCKT00473,U3146,EU,Technical,High,Huge fast spring left executive by.,2024-01-20 17:00:00,7.7
TCKT00474,U4963,US-West,Account,High,Organization or thank consumer.,2024-01-20 18:00:00,18.5
TCKT00475,U2768,US-West,Billing,Medium,Exist source southern.,2024-01-20 19:00:00,3.1
TCKT00476,U2060,EU,Technical,Low,Nature rise spring.,2024-01-20 20:00:00,26.9
TCKT00477,U3327,EU,Technical,Low,Others consider fall add movie large management.,2024-01-20 21:00:00,41.2
TCKT00478,U4420,EU,Account,Low,Budget partner shoulder agreement increase.,2024-01-20 22:00:00,4.8
TCKT00479,U3544,Asia,Billing,Low,Physical sing region ago near western.,2024-01-20 23:00:00,10.0
TCKT00480,U1301,US-West,Technical,Low,Herself would deal little article office right.,2024-01-21 00:00:00,9.7
TCKT00481,U1180,Asia,General,High,Cup international dinner bill.,2024-01-21 01:00:00,7.3
TCKT00482,U1606,Asia,General,Medium,Thought hear himself.,2024-01-21 02:00:00,18.6
TCKT00483,U4170,EU,General,Low,Go action successful.,2024-01-21 03:00:00,25.2
TCKT00484,U1699,EU,Billing,Low,Dark clear open owner allow.,2024-01-21 04:00:00,28.2
TCKT00485,U1992,US-East,Technical,Low,Suffer old happy camera kid strong describe.,2024-01-21 05:00:00,33.2
TCKT00486,U2139,US-East,General,Low,Politics less worker arm talk win.,2024-01-21 06:00:00,54.8
TCKT00487,U1190,Asia,Billing,Low,Ago success rule Republican western like church.,2024-01-21 07:00:00,18.3
TCKT00488,U3300,US-West,General,Low,Others real budget finally consumer.,2024-01-21 08:00:00,14.0
TCKT00489,U1980,EU,Account,Medium,Over early friend increase guess exactly.,2024-01-21 09:00:00,53.8
TCKT00490,U3975,EU,Technical,High,Large PM you none federal.,2024-01-21 10:00:00,18.4
TCKT00491,U3006,Asia,Technical,Low,Agent million politics sound authority group arrive around.,2024-01-21 11:00:00,11.9
TCKT00492,U2184,US-East,Billing,Medium,Share stock impact read single size husband site.,2024-01-21 12:00:00,45.4
TCKT00493,U4327,US-West,Billing,High,Build test fish institution thing can.,2024-01-21 13:00:00,14.5
TCKT00494,U4394,US-East,Technical,Low,Action bit unit make bag brother position.,2024-01-21 14:00:00,27.9
TCKT00495,U1127,US-East,General,Low,Particular on audience road should.,2024-01-21 15:00:00,11.5
TCKT00496,U3065,US-East,General,High,Possible but speak certainly group.,2024-01-21 16:00:00,26.5
TCKT00497,U2816,US-East,Account,Low,Federal hour late force high.,2024-01-21 17:00:00,28.5
TCKT00498,U2758,EU,General,Medium,Paper money education eye.,2024-01-21 18:00:00,45.3
TCKT00499,U3613,EU,Billing,Medium,Expert professor billion yes attention beat understand give.,2024-01-21 19:00:00,14.3
TCKT00500,U1569,US-East,Billing,Low,Long where recent group expert garden.,2024-01-21 20:00:00,19.7
TCKT00501,U2346,US-West,General,Low,Feeling book throw thing.,2024-01-21 21:00:00,23.8
TCKT00502,U2895,Asia,Billing,Medium,Pull tough matter choose debate.,2024-01-21 22:00:00,18.0
TCKT00503,U3733,US-West,Technical,Low,Relationship record environmental record throughout however performance.,2024-01-21 23:00:00,9.7
TCKT00504,U4863,US-West,Technical,Low,Term mention difference personal thousand be question civil.,2024-01-22 00:00:00,35.9
TCKT00505,U1625,US-West,General,Medium,Form audience say factor night affect.,2024-01-22 01:00:00,19.1
TCKT00506,U4359,US-East,Technical,Medium,Office interesting where conference break soldier song.,2024-01-22 02:00:00,4.2
TCKT00507,U3901,EU,Technical,Low,Have another change though school join television.,2024-01-22 03:00:00,6.4
TCKT00508,U2686,US-West,Account,High,Explain act American drive meet various.,2024-01-22 04:00:00,13.7
TCKT00509,U4009,US-East,Account,Low,That glass thousand role administration along.,2024-01-22 05:00:00,11.3
TCKT00510,U4710,US-West,Technical,High,Now build my dinner father again feel.,2024-01-22 06:00:00,5.3
TCKT00511,U1154,US-West,General,Medium,Pm occur role whom hand system necessary.,2024-01-22 07:00:00,6.8
TCKT00512,U3537,US-East,Account,Medium,Recent relationship stuff measure heavy themselves.,2024-01-22 08:00:00,49.6
TCKT00513,U2409,EU,Billing,Medium,Size trouble picture state bring full.,2024-01-22 09:00:00,34.8
TCKT00514,U1784,EU,Billing,High,Down economic impact or.,2024-01-22 10:00:00,41.6
TCKT00515,U4175,Asia,Billing,Low,Sell avoid perform unit often.,2024-01-22 11:00:00,48.6
TCKT00516,U4464,US-East,General,Medium,Discuss lay involve in change.,2024-01-22 12:00:00,13.6
TCKT00517,U4882,Asia,Technical,Low,Remember it company audience could hard interest.,2024-01-22 13:00:00,26.5
TCKT00518,U1245,Asia,Billing,Low,Rock little military social a inside.,2024-01-22 14:00:00,1.7
TCKT00519,U4247,Asia,General,Low,Discussion number indicate safe security.,2024-01-22 15:00:00,25.3
TCKT00520,U4110,EU,Account,High,Exactly laugh sound speak bring.,2024-01-22 16:00:00,9.1
TCKT00521,U2500,US-East,Technical,High,How knowledge easy sit religious hundred.,2024-01-22 17:00:00,11.6
TCKT00522,U2705,Asia,Account,Low,Show fly free city.,2024-01-22 18:00:00,21.3
TCKT00523,U3806,US-East,General,Low,Myself say whole catch carry social.,2024-01-22 19:00:00,17.0
TCKT00524,U1537,US-East,Billing,Medium,Team never yet forget team rather.,2024-01-22 20:00:00,11.2
TCKT00525,U2890,EU,Billing,Medium,To ten me many issue none.,2024-01-22 21:00:00,11.7
TCKT00526,U2841,Asia,General,Low,Billion collection choose work question husband water like.,2024-01-22 22:00:00,7.7
TCKT00527,U1920,Asia,Billing,Medium,Meet model town early else affect usually total.,2024-01-22 23:00:00,5.1
TCKT00528,U3455,US-East,Technical,Medium,Front his notice animal create mean.,2024-01-23 00:00:00,4.8
TCKT00529,U1524,US-West,General,High,Of significant approach question American six.,2024-01-23 01:00:00,30.3
TCKT00530,U3875,EU,Account,Low,Economic hit worker term term surface.,2024-01-23 02:00:00,14.3
TCKT00531,U2529,EU,General,Medium,People go college approach manage protect around.,2024-01-23 03:00:00,44.0
TCKT00532,U3950,EU,Technical,Medium,Well newspaper report who read.,2024-01-23 04:00:00,27.9
TCKT00533,U4896,EU,Technical,Medium,Face beyond age hit.,2024-01-23 05:00:00,23.1
TCKT00534,U1035,Asia,General,Medium,Industry exist head hold.,2024-01-23 06:00:00,6.5
TCKT00535,U1684,Asia,General,Medium,Adult performance will ground.,2024-01-23 07:00:00,6.4
TCKT00536,U1019,US-West,Billing,Low,Group notice wonder court notice series.,2024-01-23 08:00:00,18.6
TCKT00537,U3368,EU,Technical,High,Help spend half miss glass.,2024-01-23 09:00:00,17.7
TCKT00538,U4847,EU,General,Medium,Fine pick tough system imagine bar.,2024-01-23 10:00:00,11.9
TCKT00539,U3559,US-East,General,Low,Chance it man vote live rate interest.,2024-01-23 11:00:00,22.6
TCKT00540,U1399,Asia,Technical,Medium,Friend free everybody perhaps.,2024-01-23 12:00:00,21.1
TCKT00541,U3701,EU,General,Low,Along agency soldier use necessary.,2024-01-23 13:00:00,18.4
TCKT00542,U1971,US-West,Billing,Low,Term imagine during television at must agency.,2024-01-23 14:00:00,36.4
TCKT00543,U2906,US-West,Technical,High,Thing teacher seat represent.,2024-01-23 15:00:00,53.0
TCKT00544,U3518,Asia,Billing,Medium,Tonight west worry imagine investment food mouth.,2024-01-23 16:00:00,17.2
TCKT00545,U2166,US-West,Billing,Medium,Security eight whose fine mouth our.,2024-01-23 17:00:00,13.6
TCKT00546,U2115,US-West,Billing,Low,Character ground myself be follow series participant.,2024-01-23 18:00:00,55.1
TCKT00547,U4425,Asia,Billing,Medium,Small serve perhaps safe.,2024-01-23 19:00:00,19.7
TCKT00548,U1833,EU,Technical,Low,Little far find be ball.,2024-01-23 20:00:00,29.5
TCKT00549,U2823,EU,Billing,Low,Follow do service others create.,2024-01-23 21:00:00,9.0
TCKT00550,U3774,US-West,Billing,High,Enjoy democratic first can.,2024-01-23 22:00:00,8.9
TCKT00551,U2982,US-West,General,Medium,Today able these south perhaps hospital family.,2024-01-23 23:00:00,13.7
TCKT00552,U1853,EU,Technical,Medium,Century tax reveal after outside bring.,2024-01-24 00:00:00,19.3
TCKT00553,U1050,Asia,Technical,Low,Officer west section necessary main.,2024-01-24 01:00:00,20.3
TCKT00554,U4736,US-West,Account,High,Play effort son certain.,2024-01-24 02:00:00,12.4
TCKT00555,U4769,US-East,Technical,Medium,Strategy wait enter say.,2024-01-24 03:00:00,23.6
TCKT00556,U1574,Asia,Technical,Medium,Half edge then collection.,2024-01-24 04:00:00,22.3
TCKT00557,U4261,US-West,Account,Medium,Expert well concern will sea care.,2024-01-24 05:00:00,46.8
TCKT00558,U2148,US-West,Technical,Low,Reveal well race benefit.,2024-01-24 06:00:00,9.2
TCKT00559,U3197,US-East,Technical,Low,View Congress be lead successful live important.,2024-01-24 07:00:00,28.5
TCKT00560,U3361,US-East,Technical,Medium,Sit education leader expect information.,2024-01-24 08:00:00,17.0
TCKT00561,U3617,EU,Technical,Low,Need term need wrong ball fire.,2024-01-24 09:00:00,11.3
TCKT00562,U4413,Asia,Account,Low,Box free others push generation plan teach.,2024-01-24 10:00:00,6.3
TCKT00563,U3352,Asia,Technical,High,Ever fill short activity people.,2024-01-24 11:00:00,19.7
TCKT00564,U2715,EU,Technical,Medium,Who benefit read exactly offer media.,2024-01-24 12:00:00,13.6
TCKT00565,U1681,Asia,Account,Medium,Fast garden born century.,2024-01-24 13:00:00,18.6
TCKT00566,U1837,Asia,General,Medium,Practice how energy law current soldier.,2024-01-24 14:00:00,5.6
TCKT00567,U4854,Asia,Billing,Medium,Economy policy five yet ago here lead.,2024-01-24 15:00:00,19.3
TCKT00568,U2077,Asia,General,Low,Evening art always less share.,2024-01-24 16:00:00,18.4
TCKT00569,U4050,Asia,Account,Low,Enough them up control.,2024-01-24 17:00:00,29.9
TCKT00570,U3491,US-East,Billing,Low,Week large another nation reveal husband both key.,2024-01-24 18:00:00,44.4
TCKT00571,U3660,Asia,Account,Low,Find store imagine add year enter nature.,2024-01-24 19:00:00,23.0
TCKT00572,U4040,US-East,Account,Medium,Why force important recognize city dream.,2024-01-24 20:00:00,10.7
TCKT00573,U3311,Asia,Technical,Low,That third notice with.,2024-01-24 21:00:00,19.8
TCKT00574,U4124,EU,Billing,Medium,Generation this well shoulder factor police such economy.,2024-01-24 22:00:00,14.5
TCKT00575,U2595,US-West,Technical,Low,Card including teacher approach answer who.,2024-01-24 23:00:00,22.5
TCKT00576,U4051,US-East,Billing,Low,Anyone more real stay surface.,2024-01-25 00:00:00,3.7
TCKT00577,U4691,Asia,Account,Medium,Your back spring green great you effort.,2024-01-25 01:00:00,35.1
TCKT00578,U1004,EU,Account,Low,Edge American certain action poor real performance bit.,2024-01-25 02:00:00,9.0
TCKT00579,U2126,US-West,General,Low,Effort response hold significant score civil option top.,2024-01-25 03:00:00,8.6
TCKT00580,U2219,US-East,Billing,Low,In left per performance public.,2024-01-25 04:00:00,17.7
TCKT00581,U1773,US-West,Technical,Low,Cut experience crime region happy Republican quickly.,2024-01-25 05:00:00,14.5
TCKT00582,U1876,EU,General,Medium,Modern window find husband.,2024-01-25 06:00:00,22.5
TCKT00583,U1991,US-East,General,Low,Sit to cause stage.,2024-01-25 07:00:00,18.9
TCKT00584,U3931,US-West,General,Low,Must both member age deep community exist.,2024-01-25 08:00:00,31.4
TCKT00585,U4421,Asia,Technical,Medium,Exactly very single wonder leader force.,2024-01-25 09:00:00,14.9
TCKT00586,U1046,US-East,General,Low,Market result president.,2024-01-25 10:00:00,19.5
TCKT00587,U3914,US-West,Technical,High,Central water on employee drive real out.,2024-01-25 11:00:00,48.1
TCKT00588,U3870,EU,General,Medium,Yourself eat maintain edge.,2024-01-25 12:00:00,9.1
TCKT00589,U3983,EU,Technical,Medium,Maintain he movement can.,2024-01-25 13:00:00,7.2
TCKT00590,U4891,US-East,Account,Medium,Natural agreement help prevent or.,2024-01-25 14:00:00,18.0
TCKT00591,U3703,US-West,Account,Low,Mean now collection style country.,2024-01-25 15:00:00,3.8
TCKT00592,U1268,US-East,Account,Medium,Picture dinner last red.,2024-01-25 16:00:00,7.7
TCKT00593,U1369,US-East,Account,Low,Risk high writer agree up picture.,2024-01-25 17:00:00,6.0
TCKT00594,U1635,US-West,Account,High,Politics million increase add already because.,2024-01-25 18:00:00,1.2
TCKT00595,U2129,US-West,General,Low,Certain reality although consider series everybody.,2024-01-25 19:00:00,9.5
TCKT00596,U2693,Asia,General,Medium,Road small program kind TV town.,2024-01-25 20:00:00,13.4
TCKT00597,U2682,US-West,General,Medium,Serve popular some resource.,2024-01-25 21:00:00,10.1
TCKT00598,U1656,EU,Technical,Low,Son city process wife.,2024-01-25 22:00:00,5.7
TCKT00599,U1119,US-East,Technical,Low,Cup bar campaign security coach.,2024-01-25 23:00:00,1.6
TCKT00600,U1830,US-East,Technical,Medium,Member black adult particular partner.,2024-01-26 00:00:00,12.1
TCKT00601,U2810,EU,Technical,High,Instead third election.,2024-01-26 01:00:00,13.5
TCKT00602,U4675,US-West,Account,Low,Send southern remember long American.,2024-01-26 02:00:00,3.5
TCKT00603,U2081,EU,Account,Medium,Half minute trade work race least.,2024-01-26 03:00:00,11.9
TCKT00604,U2974,EU,Account,High,While seem meeting even.,2024-01-26 04:00:00,14.9
TCKT00605,U2369,Asia,Billing,High,Involve cover attention investment book south treat.,2024-01-26 05:00:00,19.4
TCKT00606,U1740,EU,General,Low,Raise create education author.,2024-01-26 06:00:00,24.6
TCKT00607,U4545,US-East,Technical,Medium,Agency build oil live.,2024-01-26 07:00:00,29.9
TCKT00608,U1116,EU,Technical,Low,Including money film degree reflect up.,2024-01-26 08:00:00,9.0
TCKT00609,U2853,US-East,Account,High,Impact likely have skill difficult state safe.,2024-01-26 09:00:00,9.5
TCKT00610,U3838,US-East,Technical,Medium,Which coach write school federal what.,2024-01-26 10:00:00,6.3
TCKT00611,U2150,US-East,Technical,Low,But the billion lot them explain money discuss.,2024-01-26 11:00:00,14.5
TCKT00612,U4464,US-West,General,Medium,Have ahead get radio beautiful.,2024-01-26 12:00:00,13.7
TCKT00613,U2931,Asia,Account,Low,Oil think test live despite whom according.,2024-01-26 13:00:00,1.0
TCKT00614,U2012,US-East,General,High,Free hand six laugh high.,2024-01-26 14:00:00,4.5
TCKT00615,U2664,US-East,Billing,High,Loss usually near process certainly charge collection recently.,2024-01-26 15:00:00,15.4
TCKT00616,U2081,US-West,Billing,Medium,Property after expert local.,2024-01-26 16:00:00,19.2
TCKT00617,U1633,US-East,Billing,Low,Push face anyone recent standard indicate.,2024-01-26 17:00:00,6.4
TCKT00618,U1512,EU,Account,Medium,Across job expert parent in cut.,2024-01-26 18:00:00,32.0
TCKT00619,U4822,EU,Technical,Low,Finish be rise use son.,2024-01-26 19:00:00,35.5
TCKT00620,U3849,Asia,Account,Low,Performance include this important provide scene.,2024-01-26 20:00:00,10.3
TCKT00621,U2119,US-East,Account,High,Begin cold three movement different itself know.,2024-01-26 21:00:00,13.9
TCKT00622,U4709,US-West,Technical,Low,Discuss who condition allow.,2024-01-26 22:00:00,15.2
TCKT00623,U2141,EU,General,Low,Management on common appear effort.,2024-01-26 23:00:00,20.5
TCKT00624,U1559,US-West,Billing,High,Machine region wonder take bed save commercial.,2024-01-27 00:00:00,14.7
TCKT00625,U4672,US-West,General,Low,Street prepare culture.,2024-01-27 01:00:00,16.3
TCKT00626,U1487,EU,Billing,Low,Pick whose animal return that.,2024-01-27 02:00:00,6.1
TCKT00627,U4308,US-West,Account,High,Type vote such.,2024-01-27 03:00:00,8.2
TCKT00628,U4956,EU,Billing,Low,Left instead peace mouth especially skill tree walk.,2024-01-27 04:00:00,15.2
TCKT00629,U1896,US-West,Account,Medium,Democrat message well magazine.,2024-01-27 05:00:00,16.9
TCKT00630,U4343,EU,General,High,Democrat tax put.,2024-01-27 06:00:00,46.1
TCKT00631,U2212,US-East,Account,High,Play many light perform paper.,2024-01-27 07:00:00,22.6
TCKT00632,U1703,Asia,General,Medium,Fear night lot will situation call.,2024-01-27 08:00:00,5.7
TCKT00633,U2470,EU,Technical,Low,Watch administration mouth art.,2024-01-27 09:00:00,13.0
TCKT00634,U1580,EU,Technical,Low,Type security property many wife work.,2024-01-27 10:00:00,12.3
TCKT00635,U3837,Asia,Technical,High,Cut interesting and public.,2024-01-27 11:00:00,14.0
TCKT00636,U3908,EU,Account,High,Design factor action budget new despite simply.,2024-01-27 12:00:00,18.6
TCKT00637,U3294,EU,Technical,Medium,Such energy total at.,2024-01-27 13:00:00,11.0
TCKT00638,U4147,US-West,Billing,Low,Hair news push nor trade walk describe.,2024-01-27 14:00:00,37.7
TCKT00639,U1153,Asia,General,Low,Investment of black need tough whose away.,2024-01-27 15:00:00,5.2
TCKT00640,U2679,US-East,General,Low,Eye this may her happy few.,2024-01-27 16:00:00,15.1
TCKT00641,U4506,EU,Billing,Medium,Eye agreement democratic.,2024-01-27 17:00:00,51.5
TCKT00642,U1996,Asia,Account,Medium,Population expert still.,2024-01-27 18:00:00,9.6
TCKT00643,U4157,US-West,Account,High,Tend growth member speech nature.,2024-01-27 19:00:00,9.7
TCKT00644,U3744,US-East,General,Medium,Start environment case particular too.,2024-01-27 20:00:00,49.3
TCKT00645,U4356,Asia,Technical,Low,Base floor hard baby effort dark minute role.,2024-01-27 21:00:00,21.5
TCKT00646,U2243,US-East,Account,Medium,Agreement money eight century.,2024-01-27 22:00:00,15.7
TCKT00647,U2092,US-East,Account,Medium,May start for eye discover.,2024-01-27 23:00:00,15.5
TCKT00648,U4118,US-East,Billing,Medium,Good throw whatever.,2024-01-28 00:00:00,34.8
TCKT00649,U2008,EU,Billing,Medium,Avoid coach while page hundred.,2024-01-28 01:00:00,10.3
TCKT00650,U3141,EU,Technical,High,Resource ever around whether free mission.,2024-01-28 02:00:00,4.9
TCKT00651,U2773,US-West,Account,High,Event pull energy.,2024-01-28 03:00:00,5.3
TCKT00652,U1957,US-West,Account,Low,Avoid north friend cell help.,2024-01-28 04:00:00,20.9
TCKT00653,U4059,Asia,Billing,Low,Economic tell provide social.,2024-01-28 05:00:00,8.3
TCKT00654,U1452,US-West,Account,Medium,Major realize rate line age network.,2024-01-28 06:00:00,18.6
TCKT00655,U2227,US-East,General,Low,Education close perhaps account nature down media.,2024-01-28 07:00:00,5.9
TCKT00656,U3959,US-East,Billing,Low,Bad hotel attorney sea reveal less response.,2024-01-28 08:00:00,23.5
TCKT00657,U3265,EU,Technical,Low,But point always I.,2024-01-28 09:00:00,60.6
TCKT00658,U3521,US-East,Billing,Medium,Civil agreement result as chance.,2024-01-28 10:00:00,20.0
TCKT00659,U3479,Asia,Account,Low,Per plan why group positive church door.,2024-01-28 11:00:00,0.2
TCKT00660,U3388,US-East,Technical,Medium,Guess ok picture report likely.,2024-01-28 12:00:00,38.4
TCKT00661,U1550,US-East,Billing,High,Degree ground car all day carry.,2024-01-28 13:00:00,9.1
TCKT00662,U2635,Asia,General,Low,Especially once cup former show red.,2024-01-28 14:00:00,3.0
TCKT00663,U2312,US-West,General,Low,Place ready traditional executive.,2024-01-28 15:00:00,1.7
TCKT00664,U4325,US-West,Billing,Low,Same exist term body.,2024-01-28 16:00:00,65.1
TCKT00665,U2757,Asia,General,High,Ago southern few check turn.,2024-01-28 17:00:00,16.8
TCKT00666,U1356,EU,General,Low,Property environmental dream large same above.,2024-01-28 18:00:00,9.5
TCKT00667,U3070,US-East,General,Low,Marriage for politics.,2024-01-28 19:00:00,12.1
TCKT00668,U2785,Asia,Technical,Low,Less feel water seek.,2024-01-28 20:00:00,3.1
TCKT00669,U3569,US-East,General,Medium,Wait they two.,2024-01-28 21:00:00,18.8
TCKT00670,U2781,EU,General,Medium,Eat decade fly.,2024-01-28 22:00:00,24.9
TCKT00671,U4908,US-East,General,Medium,List camera test glass increase act economy.,2024-01-28 23:00:00,6.1
TCKT00672,U4171,Asia,Technical,High,Describe soldier ok.,2024-01-29 00:00:00,20.6
TCKT00673,U3849,US-East,Billing,Low,Citizen former seek window wonder free.,2024-01-29 01:00:00,74.1
TCKT00674,U4251,US-West,Account,High,Mr arm treat special tell join send.,2024-01-29 02:00:00,27.1
TCKT00675,U4294,EU,General,Low,Employee mean south another expert arrive.,2024-01-29 03:00:00,16.0
TCKT00676,U4977,EU,Billing,High,Admit plant measure hot oil.,2024-01-29 04:00:00,5.2
TCKT00677,U3809,EU,General,Medium,Short point south pretty any number which.,2024-01-29 05:00:00,28.6
TCKT00678,U4730,Asia,Technical,High,Support region body approach record.,2024-01-29 06:00:00,21.9
TCKT00679,U3489,EU,Billing,Low,Analysis air trade sign.,2024-01-29 07:00:00,9.2
TCKT00680,U2631,US-West,Technical,Low,Enter career sea painting assume term.,2024-01-29 08:00:00,21.9
TCKT00681,U3816,Asia,General,Low,Do church of perhaps purpose budget.,2024-01-29 09:00:00,5.3
TCKT00682,U2015,US-West,General,Low,Sure pull parent house let product.,2024-01-29 10:00:00,17.7
TCKT00683,U2348,US-East,Technical,Low,Return economic education left play quickly type whom.,2024-01-29 11:00:00,13.0
TCKT00684,U1515,US-East,Account,Low,Budget begin three according grow mention.,2024-01-29 12:00:00,45.2
TCKT00685,U4087,US-East,Technical,Low,Artist position husband point fly site.,2024-01-29 13:00:00,15.5
TCKT00686,U3839,US-East,General,Medium,Thank remember above real network thing later ask.,2024-01-29 14:00:00,67.3
TCKT00687,U1335,US-West,Technical,High,How soon line parent seek.,2024-01-29 15:00:00,15.1
TCKT00688,U2782,Asia,Account,Medium,Wall institution boy include level data.,2024-01-29 16:00:00,22.2
TCKT00689,U3305,Asia,Technical,Low,Maintain heart them contain region become.,2024-01-29 17:00:00,39.3
TCKT00690,U1496,EU,Account,Medium,Least score marriage least main middle.,2024-01-29 18:00:00,27.7
TCKT00691,U1895,US-West,Account,Low,We increase middle blood.,2024-01-29 19:00:00,1.6
TCKT00692,U3207,US-East,Technical,High,Call son bring almost take.,2024-01-29 20:00:00,22.0
TCKT00693,U4546,US-West,Technical,Low,Performance sense foreign enough mention issue bad.,2024-01-29 21:00:00,21.0
TCKT00694,U1851,EU,Billing,Medium,Out billion attack pay tend dog establish.,2024-01-29 22:00:00,3.4
TCKT00695,U2687,EU,General,High,Chair including ten.,2024-01-29 23:00:00,30.7
TCKT00696,U2931,US-West,Account,High,Believe fill hospital court.,2024-01-30 00:00:00,3.6
TCKT00697,U3737,US-West,Billing,Medium,Room these care range become future understand.,2024-01-30 01:00:00,24.1
TCKT00698,U4746,US-West,Technical,High,Goal relationship I successful coach.,2024-01-30 02:00:00,13.9
TCKT00699,U3427,Asia,General,High,Sing mind indeed home small.,2024-01-30 03:00:00,24.7
TCKT00700,U2568,US-East,Billing,Medium,Any outside modern figure.,2024-01-30 04:00:00,17.8
TCKT00701,U1956,US-West,Account,Medium,Subject event thus raise material scene.,2024-01-30 05:00:00,14.1
TCKT00702,U3738,US-West,Billing,Medium,Long most allow prevent.,2024-01-30 06:00:00,15.6
TCKT00703,U4498,US-West,Account,Medium,Huge support commercial mother until reach.,2024-01-30 07:00:00,4.6
TCKT00704,U2636,EU,Technical,Medium,Teach they goal building trouble out.,2024-01-30 08:00:00,31.6
TCKT00705,U2291,EU,General,Medium,Tough card say how it.,2024-01-30 09:00:00,5.8
TCKT00706,U4906,Asia,General,Low,Moment despite administration young small.,2024-01-30 10:00:00,19.1
TCKT00707,U4648,US-East,General,Low,Others type half himself teacher population.,2024-01-30 11:00:00,18.3
TCKT00708,U2440,Asia,Technical,Low,Relationship modern exactly where nor Mrs positive.,2024-01-30 12:00:00,31.7
TCKT00709,U2191,US-East,Account,Low,Side wish across rate party rule cause.,2024-01-30 13:00:00,10.6
TCKT00710,U4913,EU,Technical,Low,Get public surface available and.,2024-01-30 14:00:00,4.6
TCKT00711,U2066,EU,General,Medium,Site itself those kitchen control baby.,2024-01-30 15:00:00,15.8
TCKT00712,U4627,EU,Technical,Low,Responsibility quickly piece.,2024-01-30 16:00:00,21.3
TCKT00713,U1284,Asia,Technical,High,Property include stuff rest.,2024-01-30 17:00:00,15.5
TCKT00714,U3444,US-West,Technical,Low,Project capital north successful.,2024-01-30 18:00:00,32.7
TCKT00715,U1011,US-West,Account,Low,Rule direction their election.,2024-01-30 19:00:00,15.2
TCKT00716,U2630,EU,Billing,Medium,Nation detail professor station old fast.,2024-01-30 20:00:00,1.9
TCKT00717,U4373,US-West,Billing,Medium,Mind add car scientist many type leg glass.,2024-01-30 21:00:00,6.9
TCKT00718,U4969,US-West,Technical,Low,Couple ready example admit full.,2024-01-30 22:00:00,42.5
TCKT00719,U4324,Asia,Billing,High,Type nothing design like alone.,2024-01-30 23:00:00,19.2
TCKT00720,U3546,US-East,Billing,High,Provide suggest television it conference.,2024-01-31 00:00:00,6.9
TCKT00721,U1753,EU,Technical,Low,Develop effect probably eat.,2024-01-31 01:00:00,18.2
TCKT00722,U3082,EU,Technical,Low,Personal yard technology inside until state hit.,2024-01-31 02:00:00,14.6
TCKT00723,U3774,Asia,General,High,She people third war course feel suddenly chance.,2024-01-31 03:00:00,15.6
TCKT00724,U3896,Asia,Billing,Medium,Truth score raise worry peace.,2024-01-31 04:00:00,2.0
TCKT00725,U1089,US-West,Account,Medium,Start kid low either.,2024-01-31 05:00:00,20.6
TCKT00726,U1775,EU,Technical,High,Area moment ten thank will figure.,2024-01-31 06:00:00,3.8
TCKT00727,U3652,US-East,General,Low,Myself risk decision old product ground economy theory.,2024-01-31 07:00:00,6.4
TCKT00728,U4993,Asia,Account,Medium,Spring around wrong respond clearly north think.,2024-01-31 08:00:00,7.1
TCKT00729,U4017,US-East,Billing,Low,Of whose avoid particular fund.,2024-01-31 09:00:00,8.7
TCKT00730,U2625,US-East,General,Medium,Interview natural person indicate.,2024-01-31 10:00:00,16.1
TCKT00731,U4069,EU,Technical,Medium,Color be bill easy.,2024-01-31 11:00:00,17.2
TCKT00732,U1417,EU,Account,Medium,Job decide along successful foot glass.,2024-01-31 12:00:00,28.5
TCKT00733,U1114,Asia,Technical,Low,Population identify television modern director big six discuss.,2024-01-31 13:00:00,49.4
TCKT00734,U1616,EU,Billing,Low,Senior box catch ok sound by administration.,2024-01-31 14:00:00,35.1
TCKT00735,U4974,EU,Account,Medium,Wonder letter form price myself speak artist.,2024-01-31 15:00:00,6.1
TCKT00736,U4267,EU,Billing,Medium,Modern single member month camera.,2024-01-31 16:00:00,18.5
TCKT00737,U1825,US-East,Billing,Medium,Imagine include society wear.,2024-01-31 17:00:00,33.4
TCKT00738,U4572,Asia,General,Low,Fish stay wall.,2024-01-31 18:00:00,28.3
TCKT00739,U2649,US-West,Technical,High,Skill leader order eight state.,2024-01-31 19:00:00,50.4
TCKT00740,U2516,US-East,Account,Low,Measure alone opportunity size wind affect human establish.,2024-01-31 20:00:00,19.7
TCKT00741,U4146,EU,Billing,High,Speech direction especially deep deep do nor.,2024-01-31 21:00:00,10.9
TCKT00742,U1412,US-East,Billing,Low,Behind analysis ever church drop.,2024-01-31 22:00:00,30.6
TCKT00743,U4447,EU,Account,Medium,Certain though source until will but else.,2024-01-31 23:00:00,19.4
TCKT00744,U4491,EU,Billing,Low,Tv senior arrive physical represent.,2024-02-01 00:00:00,23.9
TCKT00745,U1728,US-East,General,High,Picture together rather our argue traditional.,2024-02-01 01:00:00,42.9
TCKT00746,U4348,Asia,General,Medium,Wall large item morning.,2024-02-01 02:00:00,20.1
TCKT00747,U4068,EU,General,Low,Child year fight population.,2024-02-01 03:00:00,34.6
TCKT00748,U3808,Asia,General,Low,Him north interview resource reflect owner small.,2024-02-01 04:00:00,10.8
TCKT00749,U1675,US-West,Billing,Low,Action clear this.,2024-02-01 05:00:00,7.0
TCKT00750,U4465,EU,Account,Low,Truth glass I late hotel spend against.,2024-02-01 06:00:00,16.6
TCKT00751,U2892,Asia,Account,High,Likely civil list drug.,2024-02-01 07:00:00,15.0
TCKT00752,U3504,Asia,Account,Medium,Nothing box college.,2024-02-01 08:00:00,34.4
TCKT00753,U3967,US-West,Account,Medium,Personal hit continue perhaps arrive large start.,2024-02-01 09:00:00,44.8
TCKT00754,U3239,Asia,Technical,Medium,Current between interesting remember bill pay happy.,2024-02-01 10:00:00,44.0
TCKT00755,U3786,Asia,Account,Medium,Because black room white field.,2024-02-01 11:00:00,1.2
TCKT00756,U4760,US-West,Technical,Low,End audience new significant marriage.,2024-02-01 12:00:00,5.5
TCKT00757,U2122,EU,Technical,Low,Senior society agree develop wide feeling hair.,2024-02-01 13:00:00,10.8
TCKT00758,U2571,Asia,General,Medium,Many anyone fire maybe.,2024-02-01 14:00:00,11.1
TCKT00759,U1977,Asia,Technical,High,Available into understand boy.,2024-02-01 15:00:00,8.0
TCKT00760,U2008,Asia,Billing,Low,Everyone professional budget pretty three.,2024-02-01 16:00:00,11.0
TCKT00761,U3143,US-East,Technical,Low,Office different next international reflect score.,2024-02-01 17:00:00,44.5
TCKT00762,U2687,US-West,General,Medium,Take else military cut itself loss from.,2024-02-01 18:00:00,31.4
TCKT00763,U3710,US-East,Technical,High,Case success issue seek forward free business.,2024-02-01 19:00:00,8.6
TCKT00764,U4261,US-West,Billing,Low,Dog wonder phone once attorney single.,2024-02-01 20:00:00,13.5
TCKT00765,U4807,EU,Billing,Medium,Lawyer about purpose both share character.,2024-02-01 21:00:00,20.4
TCKT00766,U1036,EU,Billing,High,House necessary open professor population.,2024-02-01 22:00:00,2.3
TCKT00767,U4851,Asia,General,Low,Soon become future son enter open.,2024-02-01 23:00:00,13.4
TCKT00768,U4440,US-West,General,Low,Stuff capital option.,2024-02-02 00:00:00,13.2
TCKT00769,U4766,EU,Account,Medium,Boy challenge expert production machine.,2024-02-02 01:00:00,12.8
TCKT00770,U2548,US-West,General,High,Project major director everything fast wind.,2024-02-02 02:00:00,31.9
TCKT00771,U3326,EU,Billing,Low,Evidence figure oil deal left group hold.,2024-02-02 03:00:00,12.8
TCKT00772,U3264,US-East,Billing,Medium,Surface teach share act right green recent while.,2024-02-02 04:00:00,2.0
TCKT00773,U3914,EU,General,Medium,Beautiful most everyone until.,2024-02-02 05:00:00,33.8
TCKT00774,U1872,US-East,Technical,Medium,First notice fish life.,2024-02-02 06:00:00,9.6
TCKT00775,U2821,EU,General,Medium,Degree condition agent skin themselves.,2024-02-02 07:00:00,7.1
TCKT00776,U2296,Asia,General,Medium,Parent policy international.,2024-02-02 08:00:00,10.0
TCKT00777,U4952,US-East,Billing,Medium,Discuss accept certain along subject experience.,2024-02-02 09:00:00,45.5
TCKT00778,U3109,EU,Account,Medium,I computer her politics great summer team.,2024-02-02 10:00:00,3.5
TCKT00779,U1595,Asia,Billing,Medium,Can police camera across cultural ready.,2024-02-02 11:00:00,22.4
TCKT00780,U2903,US-East,Account,Medium,Must difficult almost.,2024-02-02 12:00:00,11.1
TCKT00781,U1728,Asia,Billing,High,Our see look debate executive Republican program.,2024-02-02 13:00:00,21.8
TCKT00782,U2365,US-West,General,Low,Cause character rock success man lawyer.,2024-02-02 14:00:00,4.0
TCKT00783,U1396,US-West,Billing,High,Star tree rate concern why.,2024-02-02 15:00:00,14.0
TCKT00784,U1698,US-East,Billing,High,Involve of fast standard increase speak ever.,2024-02-02 16:00:00,13.5
TCKT00785,U4090,EU,Billing,Low,Husband strong position small discover.,2024-02-02 17:00:00,13.5
TCKT00786,U3224,US-East,General,Medium,Without perform road size.,2024-02-02 18:00:00,4.5
TCKT00787,U2635,Asia,General,Medium,Themselves poor do language until discuss.,2024-02-02 19:00:00,8.6
TCKT00788,U1395,EU,General,Low,Early community suggest true possible focus.,2024-02-02 20:00:00,16.7
TCKT00789,U3492,US-West,General,Low,We measure benefit lawyer wide.,2024-02-02 21:00:00,0.9
TCKT00790,U4304,EU,Account,Low,Trouble area help per second including.,2024-02-02 22:00:00,3.8
TCKT00791,U4986,US-West,Account,Low,Whose activity itself science.,2024-02-02 23:00:00,15.3
TCKT00792,U1075,EU,Technical,High,Such model rate game.,2024-02-03 00:00:00,18.3
TCKT00793,U1264,EU,General,Low,Analysis process model.,2024-02-03 01:00:00,11.9
TCKT00794,U3502,EU,Account,High,Cost expect activity blood product listen interest.,2024-02-03 02:00:00,16.4
TCKT00795,U2819,Asia,Billing,Medium,Second all note respond prepare without future.,2024-02-03 03:00:00,9.3
TCKT00796,U1717,Asia,General,High,Character entire social put wind fear.,2024-02-03 04:00:00,31.5
TCKT00797,U3782,US-East,Technical,Medium,Music school question approach job.,2024-02-03 05:00:00,42.9
TCKT00798,U4455,US-East,Technical,Low,Determine pattern conference television main she.,2024-02-03 06:00:00,4.1
TCKT00799,U4635,US-West,Technical,Medium,Guess sport learn even.,2024-02-03 07:00:00,7.9
TCKT00800,U1850,Asia,Billing,Low,Rest scientist thus.,2024-02-03 08:00:00,29.5
TCKT00801,U4577,US-West,Account,Medium,Senior never while exist trial message.,2024-02-03 09:00:00,12.6
TCKT00802,U2390,US-East,Billing,High,Long list care order require else cover.,2024-02-03 10:00:00,25.2
TCKT00803,U1143,US-West,General,Low,Month top likely town.,2024-02-03 11:00:00,83.4
TCKT00804,U1884,US-East,Technical,Low,Project defense public explain.,2024-02-03 12:00:00,10.9
TCKT00805,U4140,Asia,Billing,Medium,Reason weight statement bed eat day chair.,2024-02-03 13:00:00,12.8
TCKT00806,U4170,EU,Billing,High,Finish sense stand.,2024-02-03 14:00:00,0.5
TCKT00807,U1395,Asia,Account,Medium,Relationship I course agent significant add north.,2024-02-03 15:00:00,40.9
TCKT00808,U4096,US-West,Account,Low,Peace significant paper fly people.,2024-02-03 16:00:00,26.5
TCKT00809,U3995,US-West,Technical,Medium,Meet science right particular however modern effort ok.,2024-02-03 17:00:00,28.3
TCKT00810,U3938,Asia,Billing,Low,Federal art culture including.,2024-02-03 18:00:00,18.8
TCKT00811,U2492,Asia,Billing,Medium,Class minute statement arrive gun always fast might.,2024-02-03 19:00:00,12.4
TCKT00812,U4555,US-East,Account,High,Too your dark likely government.,2024-02-03 20:00:00,32.6
TCKT00813,U4636,US-West,Billing,Medium,Light wonder six home nor.,2024-02-03 21:00:00,5.4
TCKT00814,U4222,US-West,Billing,High,Yet rich assume art run.,2024-02-03 22:00:00,36.3
TCKT00815,U2167,Asia,Billing,Low,Ten maintain least reason do draw.,2024-02-03 23:00:00,8.9
TCKT00816,U3616,EU,Account,Medium,Stay traditional character over later plan.,2024-02-04 00:00:00,12.5
TCKT00817,U2062,US-West,Technical,High,Generation how war training maintain central food question.,2024-02-04 01:00:00,17.4
TCKT00818,U3156,EU,General,Low,Account medical scientist wall reach information really.,2024-02-04 02:00:00,17.4
TCKT00819,U4764,Asia,Technical,High,Measure arm citizen collection.,2024-02-04 03:00:00,23.8
TCKT00820,U2065,Asia,General,Low,Health my name memory.,2024-02-04 04:00:00,5.0
TCKT00821,U2209,US-East,Billing,Medium,Four interesting value short fill indeed north.,2024-02-04 05:00:00,16.2
TCKT00822,U3982,US-West,Technical,High,Ahead fast some century forward.,2024-02-04 06:00:00,22.4
TCKT00823,U3445,EU,General,Medium,Around usually father return life current home citizen.,2024-02-04 07:00:00,4.6
TCKT00824,U4294,US-East,Account,Low,Argue art political believe beautiful not late.,2024-02-04 08:00:00,12.8
TCKT00825,U1633,US-West,Account,Medium,Production break present argue day series treatment.,2024-02-04 09:00:00,43.2
TCKT00826,U2156,US-East,Technical,Medium,According direction speech bring able hear air.,2024-02-04 10:00:00,11.4
TCKT00827,U4234,Asia,Technical,High,Perhaps ever model inside.,2024-02-04 11:00:00,31.3
TCKT00828,U2238,US-West,Billing,Medium,Defense especially teach enough chair better.,2024-02-04 12:00:00,15.7
TCKT00829,U1732,US-East,Technical,Low,Kid let else describe type stage respond.,2024-02-04 13:00:00,51.2
TCKT00830,U1234,US-East,Billing,Medium,Despite far figure receive whether.,2024-02-04 14:00:00,14.6
TCKT00831,U4914,EU,Billing,Medium,Rate move top behind capital.,2024-02-04 15:00:00,17.2
TCKT00832,U3705,US-East,Account,Medium,Claim senior understand big day economy ask.,2024-02-04 16:00:00,32.0
TCKT00833,U1750,US-West,Account,Medium,Real simple will party guess class court.,2024-02-04 17:00:00,7.4
TCKT00834,U3635,US-West,General,High,Mr cultural other tend those.,2024-02-04 18:00:00,10.5
TCKT00835,U4080,EU,Account,Medium,Western performance gas interesting such style.,2024-02-04 19:00:00,60.5
TCKT00836,U4145,US-West,Account,Medium,Group already win air me else each.,2024-02-04 20:00:00,9.5
TCKT00837,U1953,Asia,Technical,Low,Rest feel know certainly agree our.,2024-02-04 21:00:00,18.0
TCKT00838,U3539,US-West,Account,Low,Water thought citizen cause news.,2024-02-04 22:00:00,24.1
TCKT00839,U3960,US-West,General,Low,Study personal wide try program.,2024-02-04 23:00:00,47.8
TCKT00840,U4324,US-East,Technical,Low,Safe experience leave film science yourself.,2024-02-05 00:00:00,2.7
TCKT00841,U4301,US-East,General,Medium,Near daughter clear hundred.,2024-02-05 01:00:00,6.1
TCKT00842,U2542,US-West,Account,Medium,Establish project strategy front level begin PM citizen.,2024-02-05 02:00:00,28.1
TCKT00843,U2197,EU,General,Medium,Require clearly nor tough.,2024-02-05 03:00:00,48.6
TCKT00844,U2676,US-East,Technical,High,Cup medical occur growth.,2024-02-05 04:00:00,28.2
TCKT00845,U2191,EU,Billing,High,Traditional anything impact home lay.,2024-02-05 05:00:00,5.3
TCKT00846,U3217,US-West,General,High,Data now drive enough seat.,2024-02-05 06:00:00,10.7
TCKT00847,U2416,US-West,General,Medium,Exactly her peace yet.,2024-02-05 07:00:00,27.7
TCKT00848,U3993,Asia,Technical,Medium,Trouble toward shoulder share either.,2024-02-05 08:00:00,6.5
TCKT00849,U3842,US-East,Technical,Medium,Card clear hot popular people can plan.,2024-02-05 09:00:00,38.0
TCKT00850,U3681,US-West,General,Low,Source ago movie worker you beautiful same.,2024-02-05 10:00:00,17.5
TCKT00851,U2217,Asia,Account,Low,Notice statement prove doctor recently.,2024-02-05 11:00:00,4.3
TCKT00852,U2540,US-East,General,High,Parent half project long assume short Democrat.,2024-02-05 12:00:00,25.5
TCKT00853,U3076,US-West,Technical,High,Tough development huge medical glass west group.,2024-02-05 13:00:00,13.5
TCKT00854,U4236,US-West,Billing,Low,Task late bed develop fund.,2024-02-05 14:00:00,10.5
TCKT00855,U2445,US-East,Billing,Medium,Ground trouble establish wish.,2024-02-05 15:00:00,7.0
TCKT00856,U3386,US-East,Account,High,Public blue ever ok just accept.,2024-02-05 16:00:00,12.9
TCKT00857,U4719,US-East,General,Low,Thing challenge well statement law challenge.,2024-02-05 17:00:00,14.2
TCKT00858,U2519,US-West,Billing,Low,Idea sure end line instead view.,2024-02-05 18:00:00,19.5
TCKT00859,U2388,US-West,General,High,Add debate let trouble act far.,2024-02-05 19:00:00,6.6
TCKT00860,U2856,Asia,Technical,Medium,Official theory never notice late authority.,2024-02-05 20:00:00,7.6
TCKT00861,U2365,EU,Billing,Low,After onto whole surface into.,2024-02-05 21:00:00,41.5
TCKT00862,U1499,US-East,Account,Medium,Billion institution consider politics daughter nor baby.,2024-02-05 22:00:00,4.6
TCKT00863,U2680,US-West,Technical,High,Energy her help line where off.,2024-02-05 23:00:00,30.2
TCKT00864,U1510,US-West,Account,Medium,Movie moment she remember return design.,2024-02-06 00:00:00,2.9
TCKT00865,U4398,US-East,Technical,Low,Table four plant.,2024-02-06 01:00:00,29.6
TCKT00866,U1216,EU,Billing,Low,Try movie despite second message item amount.,2024-02-06 02:00:00,3.7
TCKT00867,U2324,US-East,Account,Medium,Beyond none sign among.,2024-02-06 03:00:00,30.0
TCKT00868,U2155,EU,Account,Medium,Pattern week skill while film everyone relate.,2024-02-06 04:00:00,12.2
TCKT00869,U2827,US-West,Technical,Medium,Cold then far life.,2024-02-06 05:00:00,12.0
TCKT00870,U4141,EU,Account,Low,Test similar old modern measure them.,2024-02-06 06:00:00,58.5
TCKT00871,U4323,Asia,Technical,High,Senior ready present poor.,2024-02-06 07:00:00,4.5
TCKT00872,U4486,US-West,Technical,Low,Education have according industry church store safe.,2024-02-06 08:00:00,12.1
TCKT00873,U2810,Asia,Technical,Low,Give green front window memory entire analysis.,2024-02-06 09:00:00,22.4
TCKT00874,U3492,US-East,Technical,Low,Court pay instead point few onto law.,2024-02-06 10:00:00,25.8
TCKT00875,U3923,US-East,Billing,Low,Again city in reality true.,2024-02-06 11:00:00,48.6
TCKT00876,U2205,US-East,Technical,Medium,Before sense eight upon sometimes example.,2024-02-06 12:00:00,3.4
TCKT00877,U3214,EU,General,Medium,Would clearly meet policy really operation shake.,2024-02-06 13:00:00,44.0
TCKT00878,U1090,US-West,Account,Low,What civil win act clear.,2024-02-06 14:00:00,6.6
TCKT00879,U1713,US-East,General,Medium,Anyone effect rule time bag account.,2024-02-06 15:00:00,7.5
TCKT00880,U2881,US-East,Billing,Low,Church rule last between.,2024-02-06 16:00:00,33.0
TCKT00881,U4602,US-West,General,Medium,Across order only investment.,2024-02-06 17:00:00,38.8
TCKT00882,U1038,US-East,Account,High,Over memory continue among mission different.,2024-02-06 18:00:00,8.1
TCKT00883,U4197,Asia,General,Low,Current final current glass small whose commercial.,2024-02-06 19:00:00,27.0
TCKT00884,U4522,US-West,Billing,Medium,Opportunity occur other five begin stand adult body.,2024-02-06 20:00:00,12.1
TCKT00885,U1172,US-West,Technical,Low,No suffer part TV popular.,2024-02-06 21:00:00,14.7
TCKT00886,U1652,US-West,General,Low,Free buy quite appear.,2024-02-06 22:00:00,12.1
TCKT00887,U1753,Asia,Billing,Low,Hand yes later high computer.,2024-02-06 23:00:00,4.5
TCKT00888,U2243,US-West,Billing,Medium,Address care letter plan play great best.,2024-02-07 00:00:00,16.9
TCKT00889,U4709,Asia,Account,Medium,Coach indeed inside make decide.,2024-02-07 01:00:00,10.3
TCKT00890,U2081,US-West,Account,Low,Also particular turn you subject beautiful.,2024-02-07 02:00:00,37.7
TCKT00891,U2683,EU,General,High,Grow water enjoy sense while why.,2024-02-07 03:00:00,23.7
TCKT00892,U3523,US-East,Technical,Medium,Fight list site decide stand bit.,2024-02-07 04:00:00,30.5
TCKT00893,U1455,EU,Billing,High,Plant raise care send phone.,2024-02-07 05:00:00,13.3
TCKT00894,U1828,US-East,General,Medium,Push civil your standard research opportunity.,2024-02-07 06:00:00,12.0
TCKT00895,U1894,Asia,Billing,Medium,Week maybe cultural sport him professional most.,2024-02-07 07:00:00,14.8
TCKT00896,U2384,EU,Billing,Low,Also human ground author view when notice.,2024-02-07 08:00:00,56.0
TCKT00897,U2958,US-West,Technical,Low,Speak stay per when dinner present media.,2024-02-07 09:00:00,6.5
TCKT00898,U4072,US-East,Technical,High,Already newspaper culture stage result present.,2024-02-07 10:00:00,12.3
TCKT00899,U3434,US-East,General,Low,Say speech billion imagine blood whether seven.,2024-02-07 11:00:00,11.5
TCKT00900,U2996,EU,Technical,High,Treat care wind also.,2024-02-07 12:00:00,29.7
TCKT00901,U3395,Asia,Technical,Medium,Value everyone move including science than.,2024-02-07 13:00:00,17.3
TCKT00902,U1189,EU,General,Low,Mouth market tax tax.,2024-02-07 14:00:00,9.8
TCKT00903,U1504,Asia,Technical,Low,Between hear expect present.,2024-02-07 15:00:00,34.3
TCKT00904,U2214,Asia,Account,Low,Successful involve care outside necessary responsibility step.,2024-02-07 16:00:00,38.3
TCKT00905,U2531,US-East,Billing,High,Enough Mr change summer forget measure may.,2024-02-07 17:00:00,41.6
TCKT00906,U4440,EU,Billing,Medium,Season born agent lead.,2024-02-07 18:00:00,13.5
TCKT00907,U4480,EU,Billing,Low,That sit action indeed rich property.,2024-02-07 19:00:00,23.4
TCKT00908,U1823,Asia,Billing,Low,Law field lose word movement without.,2024-02-07 20:00:00,12.4
TCKT00909,U1928,EU,General,Low,Science since medical not subject who.,2024-02-07 21:00:00,21.0
TCKT00910,U1933,US-West,Billing,Medium,Available all product bag piece.,2024-02-07 22:00:00,22.5
TCKT00911,U2140,US-West,Billing,Low,Field establish remember official oil force.,2024-02-07 23:00:00,12.1
TCKT00912,U1133,EU,Billing,High,Week next us tell share just.,2024-02-08 00:00:00,14.8
TCKT00913,U3105,EU,Billing,Low,Charge ahead ability pressure wall place laugh.,2024-02-08 01:00:00,8.3
TCKT00914,U4627,Asia,Account,Low,Before state where move treat attack might matter.,2024-02-08 02:00:00,6.4
TCKT00915,U1684,US-West,Billing,Medium,Officer career professional describe.,2024-02-08 03:00:00,16.5
TCKT00916,U3719,US-West,Account,Medium,Necessary yeah picture prove future ready sport.,2024-02-08 04:00:00,15.0
TCKT00917,U3220,US-East,General,High,Nearly your become year economic.,2024-02-08 05:00:00,12.1
TCKT00918,U2852,Asia,Technical,Medium,Test rich candidate within.,2024-02-08 06:00:00,27.3
TCKT00919,U1814,US-East,Billing,Low,Behavior necessary away future.,2024-02-08 07:00:00,17.1
TCKT00920,U2172,US-West,Technical,Medium,Maintain lose whether cause test.,2024-02-08 08:00:00,18.9
TCKT00921,U1079,Asia,Technical,Low,Almost kid skill without recent each PM.,2024-02-08 09:00:00,43.9
TCKT00922,U3933,EU,General,Low,Land then north available run quality mother.,2024-02-08 10:00:00,40.4
TCKT00923,U4284,Asia,Technical,High,Environmental available ahead hair budget.,2024-02-08 11:00:00,24.6
TCKT00924,U1202,EU,Account,Medium,Follow political since those.,2024-02-08 12:00:00,32.8
TCKT00925,U3811,EU,Technical,High,Bar western director.,2024-02-08 13:00:00,2.8
TCKT00926,U2252,Asia,Technical,Medium,Others possible he put partner.,2024-02-08 14:00:00,27.5
TCKT00927,U2699,EU,Technical,Medium,Sometimes beyond that claim quality help economy.,2024-02-08 15:00:00,14.8
TCKT00928,U2250,US-East,Billing,Low,North edge mother political.,2024-02-08 16:00:00,26.9
TCKT00929,U2682,US-West,Billing,Low,Represent never value onto point would she central.,2024-02-08 17:00:00,8.5
TCKT00930,U2555,EU,Account,High,Line leader million surface.,2024-02-08 18:00:00,11.8
TCKT00931,U4512,US-East,Account,Low,Hand national leg.,2024-02-08 19:00:00,10.9
TCKT00932,U4473,EU,Billing,High,Themselves center cover American recently truth what.,2024-02-08 20:00:00,14.1
TCKT00933,U3094,US-West,Account,Medium,Sometimes protect majority eight center yard world.,2024-02-08 21:00:00,28.5
TCKT00934,U2256,US-East,Billing,Low,Best air population role choice fight.,2024-02-08 22:00:00,6.5
TCKT00935,U4376,US-West,General,Medium,Pretty project fine argue.,2024-02-08 23:00:00,15.5
TCKT00936,U2549,US-West,Technical,Medium,Herself past dream question.,2024-02-09 00:00:00,18.4
TCKT00937,U2166,US-East,Technical,Low,Project per people reality notice practice control.,2024-02-09 01:00:00,5.0
TCKT00938,U4486,US-East,Account,High,Face travel lot collection.,2024-02-09 02:00:00,18.1
TCKT00939,U4584,US-East,Billing,Medium,Lose bank write wait movement former former.,2024-02-09 03:00:00,9.4
TCKT00940,U2396,Asia,Billing,Low,Fear will member election vote police.,2024-02-09 04:00:00,15.1
TCKT00941,U4637,US-East,Account,Medium,Upon onto environmental dog management certainly.,2024-02-09 05:00:00,34.8
TCKT00942,U4957,US-East,Billing,High,Seven how less number medical.,2024-02-09 06:00:00,14.9
TCKT00943,U4330,US-East,General,Low,Country discuss say concern institution.,2024-02-09 07:00:00,38.4
TCKT00944,U3703,US-East,Technical,High,Interesting best capital wall southern new four.,2024-02-09 08:00:00,12.6
TCKT00945,U1470,EU,Account,Low,View meet religious these almost.,2024-02-09 09:00:00,8.0
TCKT00946,U4018,Asia,Account,Medium,Pretty guess week our imagine news time better.,2024-02-09 10:00:00,22.4
TCKT00947,U2035,US-West,Billing,Medium,Get page man require white.,2024-02-09 11:00:00,19.4
TCKT00948,U2353,US-East,Account,Low,Into test sign personal.,2024-02-09 12:00:00,24.7
TCKT00949,U3783,EU,General,Low,Course front tell nation.,2024-02-09 13:00:00,11.3
TCKT00950,U3831,EU,Billing,Medium,Weight of professional around response cut here small.,2024-02-09 14:00:00,27.1
TCKT00951,U1967,EU,Billing,Medium,Term trade difference fill go.,2024-02-09 15:00:00,8.4
TCKT00952,U1357,US-West,Billing,Medium,Like guess town rate claim case.,2024-02-09 16:00:00,79.6
TCKT00953,U4019,US-East,Billing,Low,Third group activity middle economy always.,2024-02-09 17:00:00,27.4
TCKT00954,U4479,Asia,General,High,Property whole choose industry tell.,2024-02-09 18:00:00,29.8
TCKT00955,U1667,Asia,Billing,Medium,Organization for trouble others nothing rule race.,2024-02-09 19:00:00,31.2
TCKT00956,U1372,EU,Account,High,Style including information bit sure more.,2024-02-09 20:00:00,28.6
TCKT00957,U2031,US-West,General,Low,Green bag small put represent likely where.,2024-02-09 21:00:00,6.8
TCKT00958,U2145,US-West,Technical,Medium,Discover stay family Mrs anyone other ahead.,2024-02-09 22:00:00,18.4
TCKT00959,U2371,US-West,Technical,Medium,Amount official Democrat above.,2024-02-09 23:00:00,13.9
TCKT00960,U3723,Asia,Account,Low,Someone role listen smile better decision former.,2024-02-10 00:00:00,20.6
TCKT00961,U1089,EU,Account,Medium,Notice call stock.,2024-02-10 01:00:00,18.9
TCKT00962,U4719,US-East,General,Low,Business play seat off probably.,2024-02-10 02:00:00,8.0
TCKT00963,U3745,Asia,Technical,Medium,At cold door pattern notice.,2024-02-10 03:00:00,31.9
TCKT00964,U4387,EU,Technical,Medium,Outside many arrive environment.,2024-02-10 04:00:00,48.6
TCKT00965,U4249,EU,Technical,Low,Art shoulder talk any discussion.,2024-02-10 05:00:00,12.7
TCKT00966,U1539,US-East,Technical,Medium,Several open school attack.,2024-02-10 06:00:00,21.0
TCKT00967,U3779,US-East,Technical,Medium,Stop hot not along contain.,2024-02-10 07:00:00,22.9
TCKT00968,U1868,US-East,Billing,Low,Official ground soon develop.,2024-02-10 08:00:00,10.5
TCKT00969,U1040,US-West,Account,High,Second country myself product think responsibility claim mother.,2024-02-10 09:00:00,17.2
TCKT00970,U1739,US-East,Billing,High,Executive level beautiful why analysis.,2024-02-10 10:00:00,2.9
TCKT00971,U4775,EU,Technical,Medium,Year minute beyond.,2024-02-10 11:00:00,23.7
TCKT00972,U2946,US-East,General,Low,High big head hair.,2024-02-10 12:00:00,33.7
TCKT00973,U3549,EU,General,Medium,Away fly top over window.,2024-02-10 13:00:00,13.2
TCKT00974,U4006,Asia,Technical,Medium,Reach head customer generation among order Congress.,2024-02-10 14:00:00,11.9
TCKT00975,U4216,US-West,Technical,Low,Arm defense data analysis take maintain could.,2024-02-10 15:00:00,30.3
TCKT00976,U2224,Asia,General,Medium,Opportunity rule tonight.,2024-02-10 16:00:00,4.7
TCKT00977,U1928,Asia,Billing,Medium,Line will field in writer wonder wait.,2024-02-10 17:00:00,18.8
TCKT00978,U3036,EU,Billing,Medium,Wall specific air rate attack star.,2024-02-10 18:00:00,9.9
TCKT00979,U4795,Asia,Technical,Medium,Treat might simply white enter fill.,2024-02-10 19:00:00,5.2
TCKT00980,U3508,EU,Billing,Medium,Trouble movement arm take.,2024-02-10 20:00:00,25.9
TCKT00981,U3779,US-East,General,High,Every next company future behind follow.,2024-02-10 21:00:00,29.2
TCKT00982,U3799,US-East,Billing,Low,Prepare focus form attorney science notice place travel.,2024-02-10 22:00:00,7.0
TCKT00983,U1924,EU,Technical,Medium,Not bed yard fill I.,2024-02-10 23:00:00,31.4
TCKT00984,U3956,US-East,General,High,Writer interview heavy lose country financial.,2024-02-11 00:00:00,23.3
TCKT00985,U2581,US-West,Billing,Medium,Test yes others purpose kitchen late issue.,2024-02-11 01:00:00,7.1
TCKT00986,U4618,Asia,Account,Medium,Perform reason hospital view bed social may.,2024-02-11 02:00:00,5.5
TCKT00987,U4324,US-West,General,Medium,Which include raise where thank medical not.,2024-02-11 03:00:00,49.9
TCKT00988,U1389,Asia,General,Medium,Add southern could difficult.,2024-02-11 04:00:00,14.6
TCKT00989,U2617,US-East,Account,High,Picture contain for church class.,2024-02-11 05:00:00,3.9
TCKT00990,U3930,US-West,Account,Medium,I feeling push eye really report space inside.,2024-02-11 06:00:00,15.6
TCKT00991,U1255,US-East,General,High,Recognize Democrat serve respond author he.,2024-02-11 07:00:00,12.6
TCKT00992,U1708,Asia,Account,Low,He many knowledge involve its finish two name.,2024-02-11 08:00:00,16.7
TCKT00993,U2838,EU,Technical,Low,Dog especially board pick.,2024-02-11 09:00:00,17.8
TCKT00994,U2944,EU,Technical,Medium,Company factor force himself note now painting.,2024-02-11 10:00:00,12.7
TCKT00995,U3497,US-West,Technical,Low,Story we arm some from protect.,2024-02-11 11:00:00,46.5
TCKT00996,U1009,US-East,General,Low,Model of since mother administration community.,2024-02-11 12:00:00,13.8
TCKT00997,U3871,US-East,Account,Low,Campaign energy all certainly pressure back learn medical.,2024-02-11 13:00:00,4.5
TCKT00998,U1797,US-West,Account,Low,Officer once wish different pressure include.,2024-02-11 14:00:00,50.9
TCKT00999,U4313,EU,Billing,Low,Successful choose compare career certain area back.,2024-02-11 15:00:00,7.2
